count	name
42	D3ZHA0
42	Q8VHX6
39	Q14315
33	Q8BTM8
30	P21333
30	Q80X90
30	O75369
29	Q8RZV7
26	Q8L899
24	C0LGJ1
24	Q9FIZ3
24	Q8GUQ5
23	C0LGQ5
23	Q9LP24
23	Q9FZ59
23	Q7F8Q9
23	Q9LYN8
23	Q42371
22	Q9LVP0
22	Q9LY03
22	Q9SYQ8
21	Q9SGP2
21	Q9FL28
21	Q8VZG8
20	Q9LJF3
20	Q9ZPS9
20	Q6XAT2
20	Q9S7I6
20	Q8W4S5
20	Q9FN37
20	Q5Z9N5
20	Q9FRS6
20	C0LGQ7
20	C0LGS2
19	Q2R2D5
19	Q9FN93
19	Q9LHP4
19	O22476
19	Q9M0G7
19	O65440
19	Q9ZVR7
19	C0LGX3
19	Q9SHI2
19	Q9SSL9
19	Q9C7S5
18	Q1MX30
18	C0LGD9
18	O64556
18	P13466
18	C0LGF4
18	Q9ZWC8
18	Q9LIG2
18	Q9LRT1
18	Q9SHI3
18	Q9SUQ3
18	C0LGL9
17	Q9FN94
17	Q8LPB4
17	Q8VYT3
17	Q9SNA3
17	P93194
17	C0LGW2
17	O49545
17	C0LGR3
17	C0LGT5
17	Q9FYK0
17	Q9FZB8
17	O22938
17	Q9ZQR3
17	C0LGX1
17	C0LGF5
16	O64483
16	C0LGH3
16	C0LGU1
16	C0LGV1
16	Q9SI06
16	Q9LJM4
16	C0LGT6
16	P43298
16	Q94F62
16	Q9SD62
16	Q93ZS4
16	C0LGG3
16	Q9LFS4
16	Q9LFG1
16	Q9C9Y8
16	C0LGD8
16	Q9LZV7
16	Q9FXF2
16	O65924
16	P0DL10
16	C0LGI5
15	Q9M2Z1
15	Q9C9H7
15	Q9SIT1
15	O04567
15	O49318
15	P47735
15	O81069
15	Q9VEN1
15	O82318
15	Q0WVM4
15	Q9ZUI0
15	Q9ASQ6
15	C0LGD6
15	Q9FII5
14	P23074
14	Q9FL51
14	Q84MA9
14	Q9LT96
14	C0LGT1
14	O80809
14	C0LGH2
14	C0LGQ9
14	Q9SKG5
14	O48809
14	C0LGU5
14	Q9SCT4
14	Q9FMD7
14	C0LGI2
14	P27401
14	Q9LVI6
14	Q9ZQQ7
13	Q9LK43
13	C0LGW6
13	O93209
13	O48788
13	Q9M1L7
13	C0LGD7
13	Q93Y06
13	Q99315
13	Q8LPS5
13	Q94AG2
13	Q9ASS4
13	C0LGG7
13	P14350
13	Q9SKB2
13	Q9LUL4
13	Q8RY65
13	Q87040
13	C0LGL4
13	C0LGG6
13	Q7LHG5
13	Q9XIC7
13	Q6R2K3
13	Q9MA83
13	C0LGE4
13	C0LGP4
13	C0LGP9
12	Q9LSI9
12	Q9M9S4
12	Q6P1C6
12	Q9VPF0
12	P26809
12	P11227
12	P0CT34
12	P10394
12	P0CT42
12	P0CT41
12	Q5DTZ0
12	Q5UQG7
12	P70389
12	Q8RWZ1
12	Q9FL63
12	C0LGN2
12	Q5I2M5
12	Q9FHK7
12	Q6R2K2
12	Q9FK10
12	C0LGG4
12	Q9UR07
11	Q9M9C5
11	Q8I7P9
11	C0LGQ4
11	A1Z651
11	Q9LVN2
11	O92815
11	P21414
11	E9Q7T7
11	Q9TTC1
11	P10272
11	P10401
11	Q6R2J8
11	P12024
11	Q9LHF1
11	Q9LUI1
11	O65375
11	Q2F7J0
11	Q9C8M9
11	P26808
11	B4N9T4
11	Q09575
11	Q9CRC8
11	P03355
11	Q8LFN2
11	P31792
11	Q9XIL9
11	P26810
11	P03356
11	Q9SH71
11	A7SFP1
11	Q9T0K5
11	Q9LP77
11	Q2F7J3
11	P35859
11	Q9M8T0
10	Q9FZB1
10	C0LGE0
10	Q6R2K1
10	B4LXW1
10	B4JTV9
10	O02833
10	O48837
10	Q0WR59
10	Q9LVM0
10	Q9FG24
10	Q0JMB2
10	C0LGG9
10	C0LGK9
10	C0LGU7
10	Q84JQ4
10	C0LGH8
10	Q4PSE6
10	Q94C77
10	P33543
10	Q06BH3
10	C0LGU0
9	P27980
9	Q52KR2
9	Q89928
9	P27973
9	C0LGS3
9	C0LGR9
9	C0LGG8
9	Q940E8
9	Q6UXM1
9	A8XWW4
9	P03363
9	P03364
9	Q5I2M4
9	Q3E991
9	Q9P2P1
9	Q9SAH3
9	Q5I2M8
9	F1MLX5
9	P07572
9	P35858
9	P20825
9	Q9SJQ1
9	Q5ZLN0
9	Q9C9N5
9	A6H6A4
9	Q9LJY0
9	Q22875
8	C0LGK4
8	Q0R5R2
8	P04025
8	Q9UQG0
8	P63135
8	P04323
8	Q86HG9
8	Q8GYP6
8	P03371
8	Q74120
8	P03366
8	Q09750
8	P04584
8	P63136
8	Q7L0X0
8	P03362
8	P49606
8	Q4R6F0
8	O88279
8	P04585
8	Q9WJR5
8	O93215
8	A4D1F6
8	Q9STJ8
8	Q4R3P6
8	Q7T6Y2
8	Q1L8Y7
8	Q1A267
8	Q86UN3
8	P58823
8	P63132
8	P63133
8	Q54TM7
8	B5DX45
8	P05400
8	P11204
8	P10978
8	Q9LPT1
8	P18042
8	F4IIU4
8	P18096
8	Q9BXR3
8	P12451
8	P10266
8	Q9BXB1
8	P22579
8	P21978
8	P20876
8	Q9V780
8	P17757
8	P0C211
8	Q9IDV9
8	Q5RFE9
8	Q9H9A6
8	Q965M2
8	Q9M5J9
8	P32542
8	B0W6M9
8	Q14160
8	Q9LJ64
8	Q6GPJ5
7	Q12490
7	Q12414
7	C0LGJ9
7	Q12472
7	Q8GT95
7	Q12491
7	Q80TH2
7	Q12337
7	Q6NQ83
7	Q12273
7	Q12316
7	Q3E9N1
7	Q12141
7	Q12113
7	Q12193
7	Q9SS60
7	O13535
7	Q12112
7	Q9SSF9
7	O13527
7	Q9LK57
7	Q9JJ28
7	Q12088
7	O04647
7	Q12269
7	F7D3V9
7	Q7XJN6
7	Q9LK58
7	Q12501
7	Q03494
7	Q1ZXD6
7	P0CX63
7	P47098
7	Q07163
7	P47100
7	Q76634
7	Q07791
7	Q5S007
7	P51517
7	P15629
7	Q4U0X6
7	P0C7R3
7	Q9CQ07
7	Q07793
7	P0C6F2
7	P0C2J5
7	P14078
7	P18802
7	P0C2I9
7	P25384
7	Q24020
7	Q9RBS2
7	Q96RT1
7	P35963
7	Q99231
7	Q99337
7	Q54M77
7	Q92393
7	Q9ZU46
7	P24740
7	P24014
7	Q04711
7	P19560
7	Q9Q720
7	P0C2J1
7	P0C2J3
7	Q66HD6
7	P05895
7	Q7SXW3
7	Q9WVB4
7	O81765
7	Q01513
7	O91080
7	Q8IDX6
7	O94898
7	Q80X72
7	Q496Z2
7	Q8R5M3
7	Q03612
7	Q03619
7	P0C2I7
7	P04587
7	Q03855
7	Q9XIK6
7	Q04214
7	P0C2I6
7	P0C2I5
7	P0C2I3
7	P0C2I2
7	Q9DBY4
7	Q04670
7	Q03434
7	P31795
7	Q8W3M4
7	Q9M5J8
7	Q9XIE1
6	Q9SG10
6	Q9SJN2
6	Q9SJZ3
6	Q9SXD8
6	Q9SV26
6	A8R7E6
6	B0BLW3
6	Q9SKQ4
6	Q9S9M1
6	Q9SII7
6	Q9NXP7
6	Q9QSR3
6	Q9QC07
6	Q9LUJ4
6	B9FJG3
6	Q9LXA5
6	Q80U72
6	Q80WD1
6	Q9LYT2
6	Q9LYZ9
6	Q9LSL9
6	Q9SN46
6	Q5RBK0
6	Q9M1D8
6	Q9M2N5
6	Q9LSL5
6	B4QVR7
6	B4PU77
6	B4IBI9
6	Q9MA50
6	B3P3E8
6	B3LWU3
6	Q6K7R2
6	A8MQA3
6	Q9SR05
6	Q6INV3
6	Q9QBY3
6	Q9QBZ1
6	Q9QBZ5
6	Q9QBZ9
6	Q1PDW3
6	P03554
6	Q9LRV9
6	P12499
6	Q4R6I1
6	Q75HY5
6	Q91DM0
6	Q52QI2
6	Q75002
6	Q54H45
6	Q54H46
6	Q54T74
6	Q96CX6
6	Q73368
6	P31623
6	Q54Y55
6	Q96NI6
6	Q55EC7
6	P27502
6	Q56XI1
6	P25059
6	P24107
6	P23466
6	P19505
6	P19199
6	P17283
6	Q6Z1C0
6	Q9C866
6	Q9C8M0
6	Q7KRY7
6	Q7M6Z0
6	Q8VZE4
6	Q3UGP9
6	Q8AVI4
6	Q7XDQ7
6	Q3E6Q1
6	Q7XTT4
6	Q3E8W4
6	Q1A249
6	Q8BXA0
6	Q8C0R9
6	Q7XA40
6	Q13045
6	Q0WRY5
6	Q8K259
6	P58822
6	Q05091
6	Q7TD08
6	Q04095
6	Q7T6X2
6	Q8N456
6	Q02964
6	Q00962
6	P92523
6	Q8RY17
6	Q8S9D1
6	Q4H4B6
6	P12502
6	P12497
6	Q9LRR6
6	P11283
6	O89940
6	O89290
6	Q9FLJ8
6	Q9FLW0
6	Q9FMD3
6	O65567
6	Q5G1S8
6	O49680
6	Q32NT4
6	O23491
6	Q9HB75
6	Q5M8G4
6	O04491
6	F4IB81
6	F1MCA7
6	E7FBY6
6	Q9LFV3
6	D4A1J9
6	Q32KX5
6	Q9LIC3
6	Q9LJ69
6	Q9LK35
6	Q9LN69
6	Q9LNU6
6	Q9LPI5
6	O92956
6	Q9FIU5
6	P03010
6	Q9FFJ3
6	Q6XKE6
6	P0C8R0
6	P0C8Q6
6	P0C8A0
6	P0C896
6	Q9CQ76
6	P0C5E2
6	Q6UXK5
6	P09523
6	P08770
6	P08361
6	P05962
6	P03354
6	P05959
6	P05896
6	Q9SZ52
6	P04588
6	P04146
6	P03556
6	P03555
6	P03367
6	P03365
6	P03361
6	P03359
6	P04589
6	Q6AYI5
6	Q6AVI0
6	A6QLV3
6	A6NIV6
6	Q9WC54
6	Q9WC63
6	Q9VUN0
6	Q9ZUT4
6	Q9UQ13
6	Q66H30
6	Q9VEK6
6	Q9WTR8
6	Q9XIB6
6	Q9Z2H4
6	A4FUB7
6	A2ARI4
5	Q9LSE1
5	C0LGR6
5	Q8GXQ3
5	Q79666
5	Q8GXZ3
5	Q8GYF5
5	C0LGV0
5	Q9LSC2
5	Q9C8T7
5	Q8GYA4
5	Q9LSF5
5	Q9LSK8
5	O96006
5	Q9C8L6
5	C0H5F4
5	Q9C6S6
5	Q0PW40
5	Q9LSV3
5	Q9LSS0
5	Q9LSR9
5	Q9LSQ2
5	Q9LSL8
5	Q9ULM6
5	Q8GX23
5	Q0JEU6
5	Q9C821
5	Q8GWE0
5	Q8GWJ7
5	Q9C823
5	Q9LS25
5	C0LGP2
5	Q9LS95
5	Q0D5R2
5	Q0D5R3
5	Q9LMN8
5	Q9LMN6
5	Q09092
5	Q6NKZ9
5	Q3UVD5
5	Q9LK03
5	Q9CA73
5	Q9LJJ1
5	Q3V1N1
5	Q9LIQ7
5	Q8K377
5	D4A6D8
5	D4A7P2
5	Q9LG23
5	D7SFH9
5	D7UPN3
5	Q9LFQ4
5	Q9LFP7
5	Q9CAH1
5	Q9CAL2
5	Q9LMN7
5	Q9LMP1
5	P15833
5	Q9LMT9
5	Q9LRP3
5	Q9LR67
5	Q9LQQ8
5	Q9LQ16
5	Q9LQ14
5	Q9LPZ9
5	Q9LPZ3
5	Q3U1V8
5	Q9LPX2
5	Q8H186
5	Q8H199
5	Q8H1D6
5	Q8H1G6
5	Q9C9L5
5	Q8IID4
5	P11368
5	Q9LN59
5	Q9C9U0
5	Q9LN22
5	Q9C6K9
5	B9DFG5
5	B9F655
5	Q9M8S2
5	P43293
5	Q3E9X6
5	Q922Q8
5	Q9M9X9
5	Q5RJR8
5	Q3ECH2
5	Q9M9E0
5	Q9M907
5	Q149C3
5	Q9LTV8
5	Q3EDF8
5	Q9M3D8
5	Q9M3D7
5	Q9M342
5	Q3EDL4
5	Q7X8C5
5	Q9M2S4
5	P20892
5	P22382
5	Q3E9F0
5	P22792
5	Q9ASZ8
5	Q9S9M5
5	Q9S9M3
5	Q9S9M2
5	Q9S972
5	Q61809
5	Q9S7R4
5	Q9S7Q2
5	Q9S7D9
5	Q89703
5	Q5XF57
5	Q1PFQ9
5	Q1PEU4
5	Q1PEM5
5	Q6C5Y8
5	Q8BGA3
5	Q9ASQ5
5	Q54AX5
5	P20875
5	Q9M1Z9
5	Q9M1V3
5	P47024
5	Q9LX66
5	Q9LX29
5	A0N0X6
5	Q9LW83
5	Q9LW63
5	Q0WNY5
5	Q0WNP3
5	Q0WN01
5	Q0WLC6
5	Q0WKV3
5	Q9LV48
5	Q9C5S8
5	Q9C5S9
5	Q5R6B1
5	Q9C660
5	Q0V7T5
5	Q9LUD6
5	Q0WSH6
5	Q0WVU0
5	Q9BTT6
5	Q9C501
5	Q9M1G4
5	Q9ZGI4
5	Q9M0X5
5	Q9M0G5
5	Q9M092
5	Q6ZH85
5	Q9M021
5	Q9M020
5	Q9LZU4
5	Q9LZP3
5	Q9LZM4
5	Q9LYX1
5	P17801
5	Q9LYU7
5	Q9LY50
5	Q62406
5	P46573
5	Q9LFH9
5	F4HQ22
5	Q9CAL3
5	Q7M732
5	Q9FMA1
5	Q9FM85
5	O74755
5	Q9ZP16
5	Q9FLV4
5	Q9FLL3
5	O75132
5	Q9FLJ4
5	Q6UD73
5	O81906
5	O80623
5	O80719
5	O80963
5	O81291
5	O81292
5	Q8S9L6
5	O81832
5	O81833
5	Q8RY67
5	Q9ZQE5
5	Q5FVI3
5	Q8W4G6
5	O64780
5	O64781
5	O64782
5	O64783
5	O64784
5	O64793
5	Q8RWZ5
5	Q9FN92
5	O65238
5	P85193
5	O65405
5	O65468
5	O65479
5	O65482
5	O65483
5	Q8RX80
5	Q8RXC8
5	O81905
5	O82178
5	Q9CAL8
5	Q9FFE3
5	Q66GN2
5	Q9FHG4
5	Q9FE20
5	Q9FF31
5	Q9FH87
5	Q8VYG0
5	Q9FGR7
5	P02750
5	Q8VYA3
5	P70587
5	P03360
5	Q9FFW5
5	P03369
5	P04026
5	P05961
5	A3LRV8
5	Q9XI96
5	Q9XID3
5	Q9FHX3
5	Q9FI49
5	Q9FID5
5	Q9FID6
5	Q8VZJ9
5	Q9FJY7
5	Q9FJI4
5	O88520
5	Q9XE98
5	Q9XEC6
5	Q9XEC7
5	Q9XEC8
5	Q8VYY5
5	Q9FIL7
5	Q9FIJ6
5	Q9FIH2
5	Q9FIF1
5	Q9FIF0
5	P63128
5	Q9FID9
5	Q9FID8
5	O64778
5	O64777
5	O64776
5	O04534
5	P51617
5	Q06548
5	Q41328
5	Q05470
5	Q9ZUA2
5	Q8LEB6
5	O04086
5	O04533
5	Q8LKZ1
5	O64771
5	Q7FAZ0
5	Q7FAZ2
5	Q7FAZ3
5	Q9ZNQ8
5	O08770
5	Q9ZU27
5	O12158
5	A1A4H9
5	F4KA51
5	F4KA50
5	F4JTP5
5	Q8L7G3
5	F4HQ17
5	F4HQ20
5	Q9SA72
5	F4HQ23
5	Q8L4H4
5	Q9LDT0
5	P0DKI6
5	F4I3V3
5	Q9LDS6
5	Q9LDQ3
5	Q9LDN1
5	P0DH86
5	Q9LDM5
5	Q4V389
5	Q8L710
5	Q9ZUE0
5	Q9T020
5	P0CM61
5	Q9ZT07
5	Q9ZRF9
5	Q9FXB9
5	Q9FX99
5	O49445
5	P93749
5	P93604
5	Q9FX24
5	O49839
5	O49840
5	Q9FVX2
5	P93050
5	P93005
5	Q8RWW0
5	Q9FNN7
5	Q9FNE1
5	O64477
5	O64566
5	O64639
5	O64770
5	O49339
5	O48814
5	O22187
5	Q9D1G5
5	Q8N7C0
5	P0C899
5	O22808
5	O22833
5	O23081
5	O23082
5	Q66JT1
5	Q7SQ98
5	Q9ZR79
5	O24585
5	Q8N9N7
5	P0C7Q7
5	Q01631
5	Q9ZR08
5	P0C2J7
5	Q00874
5	A2XQD3
5	Q9SA25
5	Q9FG33
5	A8JAM0
5	Q9SQU6
5	Q9SGY7
5	Q9SS81
5	Q9SFT7
5	Q9SV05
5	Q55CS7
5	Q28256
5	Q9SJT0
5	Q86X40
5	Q39086
5	A0A075F7E9
5	Q38959
5	Q96285
5	Q39191
5	Q80VQ1
5	Q6FY76
5	Q9SXB4
5	Q80WQ9
5	Q9SXB3
5	Q9SY89
5	Q9SYS3
5	Q80TE7
5	Q9SY95
5	Q9SX31
5	Q9SYS7
5	P27450
5	A6NKG5
5	Q9SY75
5	Q9STE1
5	B0M0P8
5	Q9SHK2
5	Q9T058
5	P31843
5	Q9SYM9
5	Q32Q07
5	Q9SZD5
5	Q9SFV9
5	Q60520
5	Q9SJG2
5	Q94C25
5	Q86UE6
5	Q9SV83
5	Q96ST3
5	Q9SRH7
5	Q9SR87
5	Q9SIL5
5	Q9SAD9
5	Q96Q15
5	Q39203
5	Q2QRN7
5	Q39202
5	Q9SYA0
5	Q9SXB5
5	Q9SV46
5	Q9SN39
5	A6NM36
5	Q9T0J1
5	Q2LGB3
5	P35334
5	Q9SVW8
5	P33459
5	Q9SXB8
5	Q25AG3
5	Q9SCZ4
5	Q96NW7
5	Q2I0M4
5	Q7Z2Q7
4	Q9LVQ5
4	Q3MII6
4	Q9LVA2
4	Q0WKZ3
4	Q0WN60
4	Q9LVS3
4	Q9LVD3
4	Q9D0A0
4	Q9LVF9
4	O43345
4	Q77373
4	Q5BHE2
4	Q9SIT7
4	Q9SIZ4
4	P16088
4	Q5Z987
4	Q9LU47
4	Q80TR4
4	Q9LUC2
4	B9DHT4
4	A2YH41
4	A5ICM0
4	B8YEK4
4	Q9LUJ2
4	Q4WVW4
4	O43028
4	O48686
4	O43147
4	Q9LUL5
4	Q8WU17
4	Q7L5Y6
4	P47191
4	Q55CS8
4	P16901
4	O43300
4	Q9CXF4
4	Q8R4K2
4	A7PW81
4	Q5R7T5
4	Q9FND6
4	Q9ZUW3
4	Q9FNN9
4	O60346
4	P18416
4	Q9FNG8
4	O61967
4	Q9FND8
4	Q5CZA5
4	P86452
4	O64624
4	Q9FND7
4	Q5RBT7
4	O64766
4	P90859
4	Q54WS5
4	Q5RCW6
4	Q9SGN7
4	Q9M1G3
4	O64774
4	Q9Y7K2
4	Q54RZ7
4	Q9SV96
4	O64825
4	Q9D9D3
4	Q9SVH0
4	O65472
4	Q9SH26
4	Q55E58
4	P35956
4	Q9C6G2
4	Q9LW84
4	Q9SIC9
4	P93805
4	O49399
4	B7VKH1
4	Q9FX35
4	Q0WVK7
4	Q80U12
4	Q0WVV0
4	O49564
4	Q5G5E0
4	Q9LXE8
4	P46096
4	Q9ZUT5
4	Q9SUU7
4	Q9BZR6
4	Q6Z8P4
4	Q6NQ87
4	Q9ZGI5
4	Q3KSN9
4	Q3KRC6
4	P0C043
4	Q9SH60
4	P92516
4	Q9Y6Q3
4	Q9LZ19
4	Q6EKJ0
4	P48732
4	Q9LTF4
4	Q9LMB9
4	D2EAC2
4	Q5ZUS2
4	Q05652
4	Q05609
4	Q9CA58
4	C9K2Q3
4	Q8IYX1
4	Q9SNX2
4	Q9CA54
4	Q9ZU67
4	Q9SS83
4	Q9LKU8
4	Q8IWK6
4	Q9JLN9
4	Q40902
4	Q7TMV1
4	O04504
4	O04539
4	Q9SN85
4	Q8LK93
4	Q9SS97
4	O04659
4	Q86AE1
4	Q04781
4	Q6NUI6
4	Q9ZUE9
4	Q84MA3
4	Q7ZX20
4	P37007
4	Q40392
4	Q9LNP2
4	Q9VK45
4	Q9CAN0
4	F1N5V1
4	Q9LER0
4	Q9LFF1
4	F1SRY5
4	Q9LEA3
4	Q9SRE5
4	Q9SRH9
4	E2RK09
4	Q9LFM6
4	Q9CAN5
4	Q2KHN1
4	Q9LFQ3
4	P29836
4	Q9Y4C4
4	Q9VE61
4	Q9SR01
4	P0DH62
4	Q8L6Y3
4	Q9SR00
4	Q32L15
4	D4AC13
4	Q803C1
4	Q553E9
4	Q8L844
4	Q9CAA8
4	Q8K3P5
4	Q60HC0
4	Q9C9I6
4	Q2NKQ1
4	Q9LTC0
4	Q9C7V5
4	P29128
4	Q4WIF3
4	Q8GY82
4	Q9STF0
4	O22834
4	Q86T82
4	Q9UUH7
4	O23266
4	P28990
4	Q02836
4	Q9HA65
4	Q944A7
4	Q7ZW16
4	Q8GUH1
4	P29129
4	P0C7Q9
4	P48365
4	P14605
4	Q9SJK9
4	Q6PD62
4	P48018
4	Q9LSR8
4	Q86UN2
4	Q9C6R9
4	Q86UP8
4	Q00940
4	O41798
4	Q9UL36
4	Q3TX51
4	Q6P3Y9
4	Q3U3I9
4	P12894
4	O08742
4	Q9C9I3
4	Q7FK82
4	Q86C65
4	Q5R372
4	Q9SSR4
4	A8WGA3
4	A1A5B6
4	A8WWR3
4	Q8MVR1
4	O13914
4	Q2HJ46
4	O13919
4	Q9IB75
4	P0C8Q2
4	Q9SMZ2
4	Q6FWI1
4	Q9LR69
4	Q5R4I2
4	Q5R4J5
4	A4XKX1
4	Q9HQD6
4	Q94A51
4	Q9LS72
4	Q0GXS4
4	Q9LSB8
4	P0C8Q7
4	P0C8Q3
4	O65476
4	Q9CAM8
4	Q7X6A5
4	Q24K06
4	Q8S7M7
4	Q8S8P6
4	Q9SZ10
4	Q8S8Q7
4	Q5XEY7
4	Q8S8S7
4	Q9FHR3
4	Q8C0R0
4	Q1PFA6
4	O80939
4	Q5X4J1
4	Q9SAK0
4	Q9FIB2
4	Q2TBT8
4	B3H4P1
4	Q9FKG6
4	Q18DN4
4	P09379
4	Q6CT34
4	Q8BYH7
4	Q9XIM8
4	Q6GLE8
4	P03227
4	Q9FLS9
4	O74946
4	Q9FLJ6
4	O75182
4	Q3ECB8
4	Q3EBR4
4	P25438
4	Q8VYG9
4	Q9FHD7
4	Q9DE14
4	Q9MA95
4	Q9MAG8
4	Q9MAT2
4	O76064
4	Q9FLD8
4	A0A075F932
4	Q9FKG5
4	Q1RMT8
4	Q56XR6
4	Q1DUF9
4	P08678
4	Q6FEQ6
4	Q9FJE6
4	Q54TA1
4	P42345
4	A6H6A9
4	P42346
4	Q9ZQ74
4	Q9ERV7
4	Q1HVB8
4	Q5F4C4
4	Q8TBP0
4	Q8TC07
4	Q8BKX6
4	Q1H4M2
4	O93233
4	Q680H3
4	Q8BH75
4	Q8AII1
4	P24505
4	Q8BXA7
4	O81908
4	Q683I9
4	Q2U5T5
4	Q5WVX6
4	Q9SCP4
4	Q3E8J4
4	O82363
4	Q9FK93
4	Q7XK44
4	Q9FIF7
4	Q9NWZ3
4	Q9FK66
4	Q9SB36
4	Q3E884
4	P23427
4	Q54TA5
4	Q9M8W9
4	Q6BLM3
4	Q6R5N8
4	P34268
4	Q62141
4	P80192
4	Q9ZNU6
4	O65543
4	Q9M3E5
4	P21579
4	Q6BU76
4	Q9ZW11
4	Q9M3G7
4	Q55GU0
4	O65704
4	Q9M4P3
4	Q9FG85
4	Q9ZQA1
4	A4IFA3
4	Q23915
4	P03370
4	Q5FWL3
4	Q7Y211
4	P21707
4	Q9S9U1
4	Q9FFG8
4	Q9ZVG8
4	Q9SZL5
4	A1CZE5
4	Q9M316
4	B1AUE5
4	Q9FLX6
4	Q9SW11
4	Q9FG16
4	Q9M345
4	Q505F5
4	Q9DBB9
4	Q9ZW09
3	Q9EYW9
3	Q7TMI3
3	O95470
3	P05897
3	O13845
3	P07857
3	P55690
3	Q460M5
3	Q9FGE6
3	Q9ZPY8
3	Q4KLY4
3	Q9F5P3
3	O13033
3	Q5M8M9
3	Q96PU4
3	Q9FGI1
3	Q8TEJ3
3	Q9JI13
3	Q5M929
3	A6TFW2
3	Q64611
3	Q96AY4
3	O96571
3	Q07346
3	Q9SSR6
3	P34255
3	P0CJ78
3	Q6XHA7
3	Q9I7W5
3	O17611
3	P0C8Q8
3	Q9ESN2
3	Q8VYZ0
3	Q9FIT7
3	Q6P256
3	Q8N5U6
3	O22137
3	O94297
3	Q9FIX3
3	Q6P560
3	Q3ZCC3
3	P05034
3	Q9HCM9
3	O22558
3	F1MT22
3	Q3ZC49
3	A6TC20
3	P0DM44
3	Q5LGZ6
3	O15541
3	Q9LEQ7
3	Q9CLT6
3	Q9SZT8
3	Q8TEC5
3	P57795
3	A3KPF8
3	Q7T3E6
3	Q9CG20
3	Q46DU3
3	Q8VYH0
3	Q5AVC5
3	P64956
3	Q9SR82
3	Q6NZL6
3	P04932
3	O15015
3	Q9ESN6
3	P04933
3	Q9HSF6
3	Q9HSA3
3	Q9JIX8
3	G5ECJ6
3	P07585
3	Q8LDU5
3	Q9FFN1
3	Q42472
3	Q8U1P6
3	O00463
3	F9VN79
3	F7H9X2
3	A6UVR4
3	Q9JYY0
3	Q96AG4
3	O00206
3	Q42521
3	Q2XNS1
3	Q9VKD3
3	O01671
3	F6ZQ54
3	P0CQ65
3	Q9JTX0
3	Q9FHF9
3	Q2MJS2
3	Q80XJ3
3	O01761
3	Q7TPQ3
3	Q05CL8
3	G5EDP2
3	Q5E9C0
3	Q9KTY2
3	Q05733
3	Q5EFZ4
3	Q7MNG2
3	Q2YDF9
3	Q5EIC4
3	A6URB4
3	Q06554
3	Q05568
3	Q9FGR2
3	Q8VYD6
3	Q05567
3	Q05519
3	Q06587
3	Q7TNH6
3	F6UA42
3	Q9Z3R1
3	Q6NY15
3	Q6NVR8
3	Q8TUQ9
3	Q8L716
3	O05974
3	Q9CAY1
3	Q8TF66
3	Q9FI80
3	Q60358
3	Q2NHY7
3	Q2KJ29
3	Q32KX7
3	A6VIC0
3	Q8XCN9
3	P56902
3	Q9FGL1
3	Q80XU8
3	Q7N287
3	Q5EA83
3	A6VMN7
3	A3M7A4
3	Q04792
3	Q4UL77
3	P62046
3	P0CP89
3	P58228
3	Q9SZ20
3	Q54VC0
3	A4SP14
3	Q9SZK1
3	Q6FPI4
3	Q6NRE7
3	A8F204
3	Q8TV92
3	Q43908
3	Q8LGB6
3	Q65RS7
3	Q6NRD3
3	A8EYH9
3	Q9FFZ2
3	O04590
3	Q9SYU4
3	P03975
3	Q9ZPS4
3	Q8N6Y2
3	O54952
3	O51111
3	Q6CX49
3	O51886
3	P31822
3	Q9D4H7
3	Q9Z7L5
3	Q498K9
3	O54055
3	Q5BKY1
3	O74747
3	Q498M5
3	Q5D7J2
3	Q5BN31
3	Q9FLZ9
3	O55735
3	O74351
3	O58679
3	Q9FM64
3	P35226
3	Q82851
3	Q9FT81
3	Q5C8U3
3	Q311Z4
3	Q9FWA6
3	A3CWM4
3	Q9ZQF1
3	A7XUJ6
3	Q6BTZ4
3	P35820
3	P76503
3	O49436
3	Q8S3F1
3	Q8WMN5
3	P54767
3	O49543
3	A7FWJ9
3	O75427
3	O75382
3	Q9T0D6
3	Q6CTZ8
3	O49619
3	P93471
3	P0C196
3	O49711
3	Q9SX45
3	O75325
3	Q31YB6
3	Q8RV06
3	Q8RWL6
3	P54769
3	Q9SVU7
3	Q9FMU2
3	P86448
3	Q6PJG9
3	Q5D7I6
3	Q9FMY3
3	Q5D7I3
3	Q8RXD4
3	Q80V91
3	A7MH80
3	Q54RV9
3	Q96EP1
3	Q5C8U4
3	A7MBC2
3	O65530
3	Q9SVA5
3	Q54VQ5
3	A7J1T0
3	Q9SVP7
3	Q96DD0
3	A7IAB9
3	Q5D7I0
3	Q6FJV1
3	O67193
3	Q54X04
3	A7MU48
3	P87176
3	Q9FRS4
3	Q9FRI5
3	O60028
3	A4IF63
3	Q8RWS8
3	Q9FPR3
3	Q6PGX3
3	Q69ZS0
3	O70277
3	O60347
3	A7MVI6
3	P87187
3	Q8RY79
3	Q5FWP4
3	Q6PJ69
3	O60858
3	Q9FNL2
3	A7H804
3	P87185
3	Q9FMG4
3	Q9T072
3	Q6UY18
3	Q9Z220
3	Q4I1B1
3	A1KUK1
3	Q7SDY3
3	P35227
3	Q8ND56
3	Q5IS68
3	P0C7R0
3	Q9ZPS3
3	O30418
3	Q9FJY9
3	Q54T82
3	Q32DJ3
3	Q8WXA9
3	P70727
3	Q486Z0
3	Q6PCG7
3	Q9CQ29
3	Q54XX5
3	Q4QR06
3	O34599
3	Q9H1B7
3	P55084
3	Q54R58
3	Q9SY02
3	O28275
3	Q5JJ82
3	Q9Y2L9
3	O27188
3	P0C898
3	Q9STF3
3	O23090
3	P68907
3	O23169
3	Q9HBX8
3	P69908
3	Q80TG9
3	O23337
3	Q94JX6
3	Q8N9I9
3	Q83PR1
3	P69910
3	P70191
3	Q54XZ5
3	P0C894
3	P70196
3	Q02578
3	Q6P996
3	Q47EN5
3	Q9H8W5
3	Q8WVD5
3	P0C5H0
3	P95477
3	O80647
3	Q68WP6
3	O81028
3	P54771
3	O80958
3	Q9CWS1
3	Q6CSS6
3	Q6D206
3	P09309
3	Q5F8X4
3	Q6PG31
3	P33288
3	Q8WVD3
3	O80488
3	Q5BIM1
3	Q9CYB0
3	A4G060
3	Q8R023
3	Q8R0X7
3	Q496Y0
3	P54770
3	Q5BIV3
3	Q9FXH1
3	Q9FKW0
3	P54772
3	Q8PXA5
3	P54164
3	Q01179
3	Q66J69
3	O35730
3	Q9CQJ4
3	Q9GKK8
3	P71054
3	P71362
3	Q66IY8
3	Q95153
3	Q9FKA7
3	Q7RXW1
3	Q8SQS2
3	Q8SPE8
3	Q80WP8
3	Q810L3
3	Q9FKC3
3	P0C2J0
3	Q9Y194
3	Q6PFY8
3	Q8S9M4
3	Q9FKR3
3	P93011
3	Q5XPI3
3	Q9LFC5
3	P19113
3	Q12VA2
3	Q9M224
3	Q12U08
3	Q68FI1
3	Q9BSM1
3	Q9BTN0
3	Q3J846
3	Q7Z494
3	Q5RDE7
3	A0A8M2
3	B5XVW1
3	Q8DEY7
3	Q6ZMU5
3	Q5RBR0
3	P19028
3	Q503I2
3	Q6L2I0
3	Q6CB23
3	Q6ZMS4
3	Q9BX40
3	P18729
3	Q6ZMN7
3	B6CJY4
3	B6CJY5
3	Q91829
3	Q75EN0
3	Q9M0G4
3	Q9Z1J3
3	Q9M065
3	Q9M041
3	Q9ZVF4
3	P20711
3	Q13191
3	Q91W20
3	Q62018
3	Q149N8
3	Q39610
3	Q921G6
3	Q8CGC4
3	Q3EDA9
3	Q5RF77
3	A5ULW4
3	Q8CHN6
3	Q52RG7
3	P39968
3	Q9M3A8
3	Q587N7
3	B4SZR1
3	Q9BE71
3	Q9M302
3	B4TCA9
3	B4TQC3
3	Q9M2Y7
3	B4UCP2
3	B5BBA0
3	Q9BRZ2
3	Q3IFI3
3	Q9M2C8
3	B5DF45
3	Q9M2A1
3	B5EI11
3	B5EZS0
3	Q3IT46
3	Q9BYE7
3	Q12161
3	A9M029
3	B8F356
3	Q9SI78
3	B7Z6K7
3	Q7Z7A1
3	A0PA85
3	Q0WQW5
3	Q0WPZ6
3	P17025
3	Q940Z1
3	Q28DL4
3	Q5R7S7
3	Q28E41
3	B8DZS1
3	Q0WMY5
3	A9N452
3	Q28E95
3	Q91648
3	Q6MFZ5
3	B8GDM7
3	Q0W498
3	Q6MGB6
3	Q3MV19
3	Q28H21
3	Q9LUR2
3	A9MJ36
3	P16453
3	P16448
3	Q0VCA1
3	Q69ZI1
3	P28577
3	P28578
3	Q9LX90
3	Q9SI53
3	Q9TTN0
3	B7VJS6
3	B0BNK7
3	Q9ZUU3
3	P18088
3	Q3KNV8
3	Q5RAK3
3	Q7Z6J0
3	Q3KPW1
3	Q9LYU9
3	Q3KQF4
3	Q6LU62
3	P17770
3	Q5R9S5
3	Q5R9J5
3	A2BHJ4
3	Q5PCX7
3	P17713
3	A6NK44
3	Q9BZW7
3	Q9C040
3	Q8FHG5
3	Q9LXF2
3	Q6M0Y7
3	Q3MHF8
3	Q75JK0
3	Q0WX00
3	B7U179
3	Q9SHZ8
3	Q9C509
3	Q91187
3	Q7X8D4
3	Q97TY2
3	Q9M9E2
3	Q8BFX1
3	Q9SAJ5
3	Q1PFC5
3	Q6GQL0
3	P25172
3	Q98A07
3	Q9QXK2
3	Q5X3A8
3	Q87S28
3	A0JN86
3	Q99NA9
3	Q8AVJ2
3	Q99P39
3	Q99PI8
3	Q6ESZ9
3	B2HVG6
3	Q74LG1
3	P24577
3	Q5WUR6
3	Q99PP6
3	Q1L5Z9
3	A0JNG4
3	Q6INB3
3	Q1JPS1
3	B2KFW1
3	Q7XHL3
3	Q92HP1
3	B2RIV6
3	Q1IAK7
3	Q9P6R9
3	B2RY50
3	Q752S4
3	P41891
3	Q5XG24
3	Q99MB7
3	Q9SAA6
3	Q5XPI4
3	B0VBU8
3	Q6C161
3	A1WC30
3	Q9SAH2
3	Q93VI4
3	Q56581
3	B0YLW6
3	Q99259
3	Q566L7
3	Q5XVH0
3	P25916
3	Q5XI70
3	Q5XI59
3	Q1XHU0
3	Q1XH18
3	Q1XH17
3	Q99496
3	A0B9M9
3	Q1RMS4
3	Q71F54
3	Q1RHY6
3	Q6BRR2
3	P25600
3	Q99K01
3	Q9R1R2
3	A1WQ68
3	P25374
3	Q9P6R8
3	Q7XHI7
3	Q9P3U8
3	Q9SCT2
3	Q9NQZ8
3	Q9NQZ2
3	Q5TA31
3	P22681
3	A5WW08
3	Q5T2S8
3	Q17RB8
3	Q8BZT2
3	Q7XA42
3	Q9NB71
3	Q57LW5
3	B3QMU8
3	Q8C120
3	P22307
3	Q6ZQY3
3	Q537H7
3	Q9MYW3
3	Q57SD3
3	Q5SDR3
3	Q5RKH1
3	Q3EAF8
3	Q9MA85
3	B4EZU8
3	Q6ZNG9
3	Q9M9Y4
3	Q9SEE9
3	Q9SF38
3	Q15287
3	Q9M9R6
3	P22682
3	Q9NS91
3	Q5V1B4
3	Q7XBQ9
3	Q680Z7
3	Q8BLY3
3	Q5UZ90
3	Q6IQ97
3	Q6ZVD8
3	P23799
3	P23798
3	P23738
3	Q57337
3	Q9P0L1
3	Q9YH12
3	Q680I0
3	B2VDY5
3	Q54IJ3
3	A0JPQ4
3	Q8BTQ0
3	Q6IV57
3	P23426
3	Q928R9
3	Q6J6I8
3	Q9NWH9
3	Q6J6I9
3	Q6J6J0
3	Q928K4
3	P23120
3	B3DK16
3	A1YER5
3	Q9NT99
3	Q5TJF3
3	Q90502
3	B7LLC9
3	Q9LU94
3	Q61136
3	Q86SE9
3	Q8K2F8
3	Q9LS88
3	Q9LS86
3	Q9LRV2
3	Q9TST0
3	D2HFT7
3	Q9V7Y2
3	D2GXS7
3	Q9LJI9
3	D3YY23
3	P13027
3	Q8GZ38
3	P10862
3	Q8GZ63
3	Q9LJR6
3	Q5R4G0
3	Q9LR72
3	Q7ZYZ7
3	Q640D5
3	Q6FXX1
3	Q8GYM2
3	C1FTC4
3	C0QJ86
3	D4ABX8
3	Q2GGJ4
3	Q32P96
3	D4A615
3	Q9UZD5
3	Q6DFR2
3	Q8K3X4
3	D3ZXK7
3	C0PZX5
3	Q9LSH2
3	Q2GW27
3	D3ZQG6
3	Q5R4R4
3	Q7ZWM8
3	Q9LIE7
3	Q9VB08
3	Q39UA9
3	Q8GYL7
3	Q9LSE2
3	D3Z8N2
3	Q8JIR0
3	Q9Y600
3	A2STQ3
3	Q9SNB7
3	Q869X3
3	Q9LPC4
3	Q8HXH0
3	Q3UK78
3	Q9LP03
3	Q3U827
3	Q9LNJ5
3	Q8HXX4
3	Q8Z4Y9
3	Q9LND4
3	Q9C9H9
3	C5A2X8
3	Q5ZMD4
3	Q3UIW5
3	Q6CHI1
3	Q9LMY5
3	Q8IS11
3	Q8IUD6
3	Q9ZD60
3	Q2INI7
3	Q5R1W7
3	Q9LMH5
3	Q9LQ15
3	Q9V477
3	P38398
3	Q5ZTI6
3	Q3UV48
3	A4WCW7
3	Q9Y580
3	Q67ER4
3	Q5ZM74
3	Q0AVH9
3	C3LT01
3	C6E2U6
3	Q864U1
3	Q9LPW3
3	Q9Y4K3
3	A0A0B7P3V8
3	C3PNQ8
3	C4K1Z7
3	A2SCK0
3	Q86AT8
3	Q08E13
3	Q08ER8
3	Q9LHN5
3	Q9LIL5
3	A6QR16
3	Q8Y4K4
3	E7FAM5
3	Q803I4
3	Q94BR5
3	A8GSG4
3	Q6AYK1
3	A8GWB2
3	P48754
3	E9FCP7
3	Q9LFD5
3	B9M0X4
3	P0DN31
3	Q4WUA0
3	E9Q555
3	Q6AXX4
3	Q3SXY7
3	Q59MN0
3	E1C231
3	Q07G17
3	A8GNU0
3	Q9LFI1
3	E5DHB5
3	P14748
3	Q9LFL7
3	P48318
3	P48319
3	Q9UPQ7
3	Q9ULH4
3	Q29EP6
3	Q972C0
3	Q94AY3
3	Q6DJN2
3	Q8ZNA6
3	Q8GW57
3	A5D8S5
3	Q6DLV9
3	Q8K4S7
3	Q55A09
3	P15771
3	Q9C8E1
3	A6QM00
3	Q86T96
3	Q9Y697
3	Q5A4N5
3	Q3TTA7
3	Q8L0Z4
3	Q9LT48
3	Q2FSD2
3	Q6DHL5
3	Q9LHE4
3	A5D7F8
3	Q54N73
3	A0A0R4IBK5
3	P13526
2	P56720
2	A1SAC7
2	P51060
2	P54810
2	Q54I71
2	Q8YP49
2	Q92609
2	Q4P9T3
2	P51522
2	P56997
2	P34943
2	Q93Q11
2	Q93VY3
2	P51061
2	Q4UMD4
2	Q95QW0
2	Q92738
2	Q93VJ4
2	Q8XJR1
2	P40733
2	Q7MAX5
2	P41175
2	Q4V8I7
2	Q927I2
2	Q7M9M7
2	Q4ULS1
2	P56985
2	P40872
2	A1SYV7
2	Q93W88
2	Q54I36
2	P51059
2	P56986
2	Q74Z27
2	P38111
2	Q68WV8
2	Q7MH68
2	P51523
2	P51786
2	P51107
2	P42338
2	Q7EZT1
2	P37275
2	Q7MHE6
2	P42337
2	Q8Y7G4
2	P41338
2	Q93008
2	P56139
2	Q755I4
2	P42336
2	P51238
2	A1S7L7
2	Q8YA32
2	P42251
2	Q54TH6
2	Q92I35
2	Q54ER4
2	P51108
2	P40694
2	Q8XZI5
2	Q751J3
2	Q92LP6
2	P51104
2	Q8XWW2
2	Q94AT5
2	P42339
2	Q4UR00
2	Q7MIS4
2	Q92C37
2	Q8XV63
2	Q54C55
2	A1R4Z8
2	Q94CD1
2	Q7MIG6
2	Q8VPF1
2	Q753V5
2	P42356
2	P42348
2	P42347
2	Q4P328
2	P51062
2	Q8VZ22
2	Q93MH3
2	Q8VZ02
2	Q93560
2	Q8Y420
2	Q7F2L3
2	P51063
2	P37297
2	A1JP78
2	P51102
2	Q753W3
2	Q4WAS9
2	P36982
2	Q502K2
2	Q949N0
2	Q4R0H9
2	P39651
2	Q54KZ4
2	Q54QQ1
2	Q4L711
2	Q8ZKM0
2	Q76P29
2	P54674
2	P39104
2	P53112
2	Q73VS1
2	P53115
2	P46100
2	Q4ZWV3
2	Q4ZWS2
2	Q940Q2
2	P54675
2	P38935
2	P45978
2	A1KWE0
2	P54677
2	P52985
2	Q4R0I0
2	P45602
2	P45855
2	Q94JL3
2	P36618
2	Q503E9
2	P46029
2	P54676
2	Q8ZD46
2	P36607
2	Q8ZH62
2	Q503V0
2	Q8ZII0
2	P54673
2	P46707
2	Q4V8R6
2	Q8WV37
2	Q4QM93
2	Q54L85
2	Q8ZRV8
2	Q4WTV7
2	P53849
2	Q9ZHI1
2	Q4WVM1
2	P53996
2	Q4QQU7
2	P47853
2	A1RDW3
2	P47699
2	A1KQG0
2	Q8WUA7
2	P39098
2	Q8WUX9
2	Q94125
2	Q4QL71
2	P46710
2	Q8WWZ4
2	Q74BW4
2	P53258
2	P48736
2	P35673
2	Q76C99
2	Q95216
2	Q8WXB4
2	Q9Z8J8
2	Q8WN22
2	P48279
2	Q7LC44
2	P36197
2	Q8ZRP3
2	Q4WQZ5
2	Q4ZRA1
2	A1RI91
2	P49534
2	Q54RR9
2	P45568
2	Q8X8Y9
2	Q4PGG5
2	Q4PGL2
2	P50174
2	Q4WVM7
2	Q921H8
2	P35169
2	Q4PHA8
2	Q94F58
2	Q759T6
2	Q95LL3
2	P43610
2	Q8W250
2	A1K454
2	Q8W2F3
2	Q8Z9A6
2	P43920
2	Q92213
2	Q54IX3
2	Q91957
2	P35125
2	Q53NF7
2	Q8Z307
2	A1R2V3
2	Q93Y00
2	P42765
2	Q757R0
2	Q759G7
2	P50520
2	Q922Y2
2	Q9ZML6
2	Q6BSH2
2	Q95Q95
2	A1S4P6
2	Q93YW0
2	Q73Y26
2	A1KWG2
2	Q8X8Y1
2	P44055
2	Q8Z9B1
2	A1SRH8
2	P52577
2	Q7A7L2
2	P45359
2	Q8ZBM5
2	P52578
2	P52579
2	Q9ZLZ3
2	P52580
2	Q8W4C3
2	P45362
2	Q95KI1
2	P52581
2	P45363
2	Q7GCL7
2	P45369
2	Q94FT4
2	P36836
2	P44873
2	A1TBP6
2	P52576
2	Q9ZDB1
2	Q8Z9J4
2	Q9ZGI3
2	Q8ZA84
2	Q54JK4
2	Q8ZAM9
2	Q8X8J4
2	Q8X743
2	Q52QH4
2	A1S1I7
2	Q940A6
2	Q51956
2	Q75DB8
2	P52575
2	Q9ZNU2
2	P38110
2	Q8LF48
2	Q4L3Q1
2	Q18AR0
2	Q164B9
2	Q16584
2	Q16795
2	Q8BZ81
2	Q7XAQ6
2	Q185R8
2	Q8BYJ6
2	A0KFU8
2	Q15ZF4
2	Q19289
2	Q6AW86
2	Q8BWT1
2	Q9ZVP8
2	A0KEL0
2	A0JUS3
2	Q1B6D4
2	Q16348
2	A0KHG9
2	Q1BHH6
2	Q8CAY6
2	Q8CHI8
2	Q8CHE4
2	Q3ECK2
2	Q8CGA2
2	Q8CFC2
2	Q15032
2	Q15404
2	Q15776
2	Q7XA39
2	Q8C9V1
2	Q7X9V2
2	Q15GI3
2	Q15GI4
2	A0KK76
2	Q15VA3
2	Q8C2E4
2	Q7XD99
2	Q1CUT8
2	Q14527
2	Q8AWC3
2	Q8BHL3
2	Q8BGI7
2	A0JNC2
2	Q7XJT7
2	Q1LNF2
2	Q1LSV3
2	Q3AZ20
2	Q1MB26
2	Q8BI84
2	Q3AV87
2	Q9ZVX5
2	Q1MRD4
2	Q1MTS0
2	Q3AUE4
2	Q1PF16
2	Q1PF17
2	Q3B6R4
2	Q7XHI9
2	Q8BTI9
2	A0JPL0
2	Q3E7L7
2	Q8BPQ7
2	Q1GBD4
2	Q1GGS3
2	Q1GI81
2	Q8BPP0
2	Q9ZVX2
2	Q3BXC4
2	Q1IDV2
2	Q8BM85
2	Q1H145
2	Q3BVL0
2	Q1H537
2	Q8BKC8
2	Q7XHI5
2	Q1I7D5
2	Q14586
2	Q143B6
2	Q0VCB0
2	Q8EK30
2	Q10451
2	Q8FB98
2	Q7VRE2
2	Q8F146
2	Q10LH0
2	Q8EWQ6
2	Q8EKS0
2	Q8EGG9
2	Q10366
2	Q8ECP6
2	Q6BGY8
2	Q3KHE4
2	Q8E0H2
2	Q9ZUU7
2	Q3KHA6
2	A0KZ17
2	Q8FBI3
2	Q3MB82
2	Q9ZUY1
2	Q8FNH1
2	Q0VNZ7
2	Q7VIT0
2	Q0VRS0
2	Q7VM27
2	Q8FP80
2	Q0WP85
2	Q0WPX9
2	Q0WUF6
2	Q10332
2	Q0WV96
2	Q3MHH4
2	Q10064
2	Q8FL92
2	Q8FL13
2	Q8FFG3
2	Q3MDL2
2	Q12317
2	Q12344
2	Q9ZVH0
2	Q13535
2	Q8DBF5
2	Q8DB48
2	Q12TB5
2	Q3J2X1
2	Q13315
2	Q8D2G6
2	Q8CTR0
2	Q3IJ24
2	Q8DCG1
2	Q136B0
2	Q3IEE3
2	Q8CNY6
2	Q139X8
2	Q8CMM1
2	Q3IBX6
2	Q13XC2
2	Q12P12
2	Q7WQB3
2	Q6AEY1
2	Q7W0D0
2	Q7VYC4
2	Q6AP35
2	Q6AZZ1
2	A0KR49
2	Q3K9D9
2	Q6AT90
2	Q8DV10
2	Q12598
2	Q8DCN2
2	Q8DPW5
2	Q7WA54
2	Q3K1U6
2	Q7WCA9
2	Q3JCW9
2	Q8DK30
2	Q8DDK5
2	Q1Q8K0
2	Q8A684
2	Q3ARC4
2	A0A087WXS9
2	Q84JR3
2	A0A087X179
2	Q2NRL1
2	Q84J71
2	Q84J46
2	Q83S84
2	Q83PG2
2	Q83MD6
2	Q32K36
2	Q83MD3
2	Q80TM6
2	Q83K95
2	Q83IS7
2	Q83IC8
2	Q83GY8
2	Q32AB9
2	Q84K00
2	Q84LH8
2	Q326H6
2	Q84V83
2	Q84WP6
2	Q84WK0
2	Q6AZA0
2	Q2JXQ9
2	Q2K3K0
2	Q84VW9
2	Q84VG6
2	Q2KI13
2	A0A087X1G2
2	Q84TK1
2	Q2KII6
2	Q84TE6
2	Q32L60
2	Q2L155
2	Q84RD0
2	S0DZI6
2	Q32A20
2	Q325X9
2	Q1QA16
2	Q80YV3
2	Q81B49
2	Q819Y3
2	Q80WG5
2	Q2U639
2	Q80ZI6
2	Q2UE23
2	Q2YVF5
2	Q2YTB7
2	Q81WL4
2	Q2UTQ9
2	Q80XQ2
2	Q2YBA1
2	Q80XI6
2	Q80XG9
2	Q80XC3
2	Q2YEN2
2	Q81N10
2	Q2SWZ2
2	A0A087WVF3
2	Q82K41
2	S4X0Q8
2	Q31UE3
2	Q31U32
2	Q2RJN4
2	Q831T0
2	Q82WS3
2	Q82U01
2	Q82HE3
2	Q823G9
2	Q80VI1
2	Q2SBQ3
2	Q2SD23
2	Q319Z8
2	Q318G7
2	Q2SL23
2	Q313H2
2	Q2JM39
2	Q2IW86
2	Q2IU23
2	Q886R9
2	Q218E3
2	Q7YQM3
2	Q21HH8
2	Q21KB1
2	Q7YQM4
2	Q39W82
2	Q7YR32
2	Q22100
2	Q215E3
2	Q886N7
2	Q22258
2	Q6AZN6
2	Q87ZB3
2	Q87TP0
2	A0AIB8
2	Q39F49
2	Q88L01
2	Q88MH4
2	Q86AD9
2	Q1R3V5
2	Q1QMN1
2	Q89U95
2	Q89R17
2	Q1QUW9
2	Q1QX15
2	Q89KP9
2	Q7XNY1
2	Q1R467
2	Q88MR4
2	Q1R971
2	Q3AI71
2	Q1XDP9
2	Q89869
2	Q1XDU1
2	Q895K5
2	Q3AB86
2	Q24592
2	Q24732
2	Q87MM2
2	Q2A4P9
2	Q28S90
2	Q38SD2
2	Q86UD7
2	Q86UD4
2	Q299G2
2	Q29RZ0
2	Q86TI0
2	A0A0G2K344
2	Q24UG4
2	Q2FJQ9
2	Q2FXQ9
2	Q2GGR4
2	Q2GKQ8
2	Q86K93
2	Q2HIV9
2	Q336P5
2	Q28PJ0
2	Q28IV8
2	Q7Z7K2
2	Q28D99
2	Q87ME3
2	Q7Z3I7
2	Q87LD0
2	Q87L54
2	Q87EH9
2	Q254F0
2	Q39204
2	Q875B6
2	Q872I5
2	Q39013
2	Q28589
2	Q28888
2	Q86VH5
2	Q86VH4
2	Q28CB1
2	Q0VGE8
2	Q0VCA5
2	Q6A039
2	Q8QFX6
2	P97313
2	Q8R1T1
2	Q8QZT1
2	Q8QGX4
2	P97779
2	P97998
2	Q493C8
2	Q49136
2	Q8R3D1
2	Q8QFP8
2	P9WNY6
2	P9WQ70
2	P9WQE2
2	P9WQE4
2	P9WQP6
2	Q00016
2	A1B969
2	P96315
2	Q8PML1
2	P92520
2	Q49AA0
2	P87234
2	P90920
2	P91276
2	P91679
2	Q8RQL3
2	P92519
2	A1BJT7
2	Q8R5A6
2	Q7NY13
2	P93143
2	Q8RA28
2	Q7P206
2	P93756
2	Q8R622
2	Q6BIP2
2	Q8PP82
2	Q48GW4
2	Q49GP3
2	Q02PH7
2	Q02251
2	Q47F86
2	Q02735
2	Q02909
2	Q470E3
2	A1AV71
2	Q02998
2	Q02RC2
2	Q8NEB9
2	Q03131
2	Q03132
2	Q03133
2	Q8N6H7
2	Q03200
2	Q8N5T2
2	Q7T2D0
2	Q02099
2	Q8NEJ9
2	Q48F65
2	Q8P1W7
2	A1B0J4
2	Q8PAV9
2	Q48F34
2	Q7RZT9
2	Q01129
2	Q7S133
2	Q8P336
2	Q01538
2	Q01QM3
2	Q489W4
2	Q01647
2	Q01730
2	Q8NP10
2	Q485G4
2	Q7S1P9
2	Q47ZB6
2	A1C9W6
2	Q7NVY8
2	Q3SRH8
2	A1JJG0
2	P61448
2	P61449
2	Q7MUW3
2	Q4JV26
2	Q7MZ91
2	A1JK23
2	A1JJQ7
2	Q4IL82
2	Q7MQI0
2	Q8TF45
2	Q4IJ84
2	Q8TEA7
2	P64013
2	P64331
2	Q8TDW0
2	Q4IB89
2	Q8U9Q9
2	Q8UC86
2	Q7N8P3
2	P57989
2	Q8VEG6
2	Q4KMP7
2	P57329
2	Q8VDB8
2	P57803
2	Q8VCZ6
2	P57985
2	Q4KLC4
2	P60240
2	P58802
2	Q9ZPW3
2	Q6BKC2
2	Q8VCH0
2	Q4KHK5
2	Q4KHH0
2	Q4KFC3
2	Q4IAK7
2	P66927
2	P83503
2	Q4DCH3
2	Q8S3D2
2	P77775
2	Q8S3D1
2	P78527
2	Q4FM64
2	Q7NID1
2	P78723
2	Q7NNJ7
2	P76461
2	P79051
2	P80041
2	P81291
2	P81592
2	P81831
2	Q8RXS6
2	P83104
2	Q8S3D5
2	Q8S4Y1
2	Q7N8V1
2	Q8SSE7
2	Q7NBF9
2	Q7NC17
2	Q8SVA6
2	Q8STL0
2	A1JIG3
2	Q4FRH9
2	Q8SSS9
2	Q4FQC7
2	P75822
2	Q8SQY7
2	Q8S9G6
2	A1JI20
2	P74299
2	P75115
2	Q8S8N4
2	P75742
2	Q03390
2	Q46JT6
2	A1AQN8
2	Q8GY61
2	Q0CA78
2	Q8GZ13
2	Q8GYW8
2	Q0DJS1
2	A0Q0R4
2	Q0HGW1
2	Q0HPB8
2	Q0HT68
2	Q7V561
2	Q0HWN4
2	Q0I0T4
2	Q0I371
2	Q0I3A1
2	Q8GY42
2	Q8GXT3
2	Q0IBN9
2	Q0C8A4
2	Q8GZM7
2	Q7V6J8
2	Q9ZUG9
2	Q8IV04
2	A0QHY0
2	Q09830
2	Q8IL52
2	A0Q7Y5
2	Q8I8U7
2	Q09XV5
2	Q8HXY6
2	Q3U0J8
2	Q7V0W0
2	Q8H4S4
2	Q0AEI0
2	Q0AH90
2	Q0BE21
2	Q8H115
2	Q0BN25
2	Q8GXN6
2	Q0IHY4
2	Q03468
2	Q0T846
2	A0PDV5
2	Q0S275
2	Q0SSC6
2	Q0SSE8
2	Q0SY38
2	Q7VB62
2	Q0T2E5
2	Q7VBB3
2	Q0PF16
2	Q0TAL1
2	Q0TPQ9
2	Q0TPT1
2	Q8G7Y7
2	Q0UG82
2	Q0V7M0
2	Q0V7X4
2	Q7V9U4
2	Q8GSM7
2	Q0IIM8
2	A0PNR5
2	Q8GWK7
2	Q8GWK6
2	Q3T100
2	Q3T0R7
2	A0PQ95
2	A0PPN8
2	Q0JXE7
2	Q0KA22
2	Q0P8W4
2	Q0KBP1
2	Q3T0A0
2	Q0MQB3
2	Q0MQB4
2	Q8GT21
2	Q8GT20
2	Q0P5I2
2	A0QJ14
2	Q09374
2	Q8IWT6
2	Q8LE47
2	Q8LL69
2	Q04790
2	Q43299
2	A0SPJ3
2	Q7TN75
2	Q8LEG1
2	Q04U66
2	Q05471
2	A0SPJ6
2	Q05493
2	Q7TSH9
2	Q7TSI0
2	Q7TT36
2	A0RMI1
2	Q7TVK8
2	Q3ZPN4
2	A0SPJ4
2	Q43935
2	Q7UZT0
2	Q8N1G4
2	A1AI32
2	A1A7A6
2	Q7T339
2	Q03744
2	Q6A7K8
2	Q46939
2	Q03924
2	Q03LA9
2	A0SPJ8
2	Q9ZTK5
2	Q8MSX1
2	Q04272
2	Q9ZU29
2	A0SPJ9
2	Q04677
2	Q43974
2	Q8L746
2	Q8L6Y7
2	Q07017
2	Q3UZW7
2	Q3YRZ5
2	Q8K3W2
2	A0QVH7
2	Q7URM5
2	Q08484
2	Q08562
2	Q085D6
2	Q3UYK3
2	A0R1Y7
2	Q8JZL0
2	Q8JSZ3
2	Q08A40
2	Q3US17
2	Q3UMG5
2	Q08DG8
2	Q7UZL6
2	Q07ZP7
2	Q7UDT5
2	Q3YVC2
2	Q07QP5
2	Q7TXL7
2	Q8L5W8
2	Q7TXL9
2	Q3ZBN5
2	Q07598
2	A0R1E8
2	A0QWX4
2	Q8KU07
2	Q7U4M0
2	Q8KG43
2	Q7U8C3
2	Q3Z5V2
2	Q3YZM1
2	Q8K9S7
2	Q07NI7
2	P34739
2	Q9CAN6
2	Q966L9
2	Q9LEZ3
2	Q642G4
2	Q6DAP6
2	Q6NQK2
2	B0RW72
2	Q9LDY8
2	F4HY61
2	F4HYV5
2	F4I2H2
2	F4IED2
2	A4SQH6
2	Q9LD44
2	Q9LD14
2	Q9LD13
2	Q9LD12
2	Q9LD00
2	A6NDS4
2	Q5PAI9
2	Q9JWH1
2	Q5PD54
2	Q5PK55
2	B0THN7
2	Q9VDY1
2	A4VCM0
2	Q5PDF0
2	E1U332
2	E3SXU4
2	B0T1R2
2	Q9LFL5
2	E6Y2X0
2	B0SM60
2	Q9VF87
2	E9Q3L2
2	Q9SCK6
2	A4STF3
2	F4JL11
2	F4JN35
2	Q5P7H5
2	F4K493
2	B0KS63
2	Q9KGU6
2	J9RYI6
2	Q9SFX2
2	Q6NU46
2	K4D9Y4
2	Q9KA69
2	Q9K1G8
2	O00329
2	B0K9Q9
2	O00443
2	Q9JXG5
2	O00750
2	Q9JXE5
2	Q9JX33
2	Q9KNI0
2	Q9KNT4
2	B0KSA5
2	Q9KT59
2	Q9KYS1
2	Q6GJW4
2	G0LD36
2	Q9KWK4
2	Q5NZG9
2	Q61687
2	G5EBU4
2	B0KWC1
2	Q6GJ93
2	B0R0W9
2	Q9KPV8
2	G5EDY0
2	Q9KP70
2	B0KWR6
2	D7PI15
2	D7PHZ2
2	A4VJS7
2	B0UUJ3
2	C4L7S3
2	C4L858
2	A4WG55
2	A4WFX5
2	Q9S851
2	Q5QXN5
2	Q6NGL1
2	C4Z5K1
2	C4ZA70
2	Q5QXH8
2	C5A401
2	Q9LND0
2	C5B8V3
2	C5BC63
2	Q6NKN9
2	C4L656
2	A4WUH5
2	Q9LPI7
2	C1JZ66
2	Q9LR74
2	C1EP45
2	Q9LQQ1
2	C1FS67
2	A6LSR9
2	B1AVH7
2	Q9LQ08
2	C4K297
2	C3K601
2	C3L0C4
2	C3M9M8
2	Q5XJ97
2	C3PNE7
2	B0VMU8
2	C5BHC1
2	Q6DD52
2	A4VKA4
2	C5BWT4
2	Q9LJW3
2	Q9LJW0
2	A4W6Q7
2	Q9SAF6
2	D2H0G5
2	D2SMN4
2	B0TP77
2	A4W6G3
2	B0TL90
2	Q5PP28
2	B0TL22
2	Q5PP26
2	A4VZZ0
2	Q6DAR6
2	A4VN44
2	C8VDQ4
2	Q63T18
2	Q9LK48
2	Q5QUF4
2	Q9LN01
2	C5D9C1
2	Q9S9T6
2	C5E042
2	C6DAI7
2	C6DAL8
2	C6DFQ6
2	B0U242
2	Q9LKG8
2	C6DI66
2	C6DI86
2	C6E518
2	Q9SA82
2	C6K7I2
2	O01510
2	O01840
2	C1D9F0
2	A4QPH2
2	O35296
2	Q5HT65
2	Q9GZU5
2	Q5HS07
2	Q5HRH3
2	Q9GQN5
2	Q5HP14
2	Q9SJ54
2	Q6PEZ8
2	Q6PF93
2	O35904
2	Q5HIU0
2	Q5HIA0
2	A9KUL1
2	Q5HB55
2	Q6GBR1
2	Q9VVI9
2	Q5NEP6
2	Q6PCN7
2	Q5JFL6
2	Q6GG33
2	A6NM28
2	A9MYN1
2	A9MQF6
2	O30052
2	A9MPK1
2	A9MI14
2	A9MHJ4
2	Q6PBU5
2	O31753
2	O31784
2	Q6GCB8
2	O32177
2	O32483
2	Q5H8C1
2	Q5H873
2	A9KMX2
2	Q5H1E7
2	A9INU2
2	Q61194
2	O45539
2	O46390
2	O46403
2	O46542
2	O46629
2	Q9FXT6
2	A4JGV5
2	A4JF69
2	A6QLU5
2	O49255
2	Q9FXA9
2	O49459
2	A4J5Y5
2	Q5GM68
2	Q9FY82
2	Q5W041
2	Q9SJG6
2	Q6PFJ1
2	Q5GW71
2	Q9FZD4
2	A4QF22
2	Q9VXG8
2	Q9SJ73
2	Q9VYY9
2	Q9FY93
2	Q5GTA4
2	O43167
2	Q9FZ19
2	Q9TTE2
2	O43296
2	Q9FYJ6
2	Q6P9F7
2	A9R7W9
2	O26884
2	Q9I4L1
2	A4SIM0
2	Q9JIX5
2	B0JWW6
2	Q5M985
2	Q9SGI7
2	Q9JHG7
2	Q9VMA7
2	O13682
2	O13762
2	Q5M7V1
2	Q6D8D9
2	O14063
2	B0G107
2	O14148
2	Q9I6R0
2	Q5YS72
2	O08662
2	O08561
2	A4SJR5
2	O02697
2	O02810
2	O02811
2	O04017
2	O04294
2	A4SMT9
2	Q64318
2	B0K1E5
2	Q5NC05
2	O05502
2	Q9SFZ3
2	A6NER0
2	Q9JKK8
2	O07618
2	B0CD21
2	O14356
2	A4R227
2	Q5M4Z3
2	B0B9H9
2	A9ZPJ7
2	O22768
2	O22798
2	Q64PY9
2	Q6P6R7
2	O23373
2	Q9VQU9
2	A9ZPJ6
2	O23917
2	O23918
2	O24645
2	O25225
2	A9X1A0
2	Q5Z6B6
2	Q5L0J6
2	A4SCF3
2	Q5L651
2	Q5LSU9
2	Q9I2A8
2	Q9HZJ3
2	Q9HXV3
2	O14880
2	Q5M0E6
2	Q5YYG7
2	Q6D2L6
2	O22161
2	B0BTR0
2	Q9HHM7
2	Q5L9P6
2	O19883
2	Q9HG09
2	Q9HFE8
2	Q9LRJ4
2	Q6N5Q6
2	Q9WTN3
2	Q6HG59
2	A5UDR7
2	Q9M2Y4
2	B4UD63
2	B4UT09
2	Q9M2P4
2	A5UCN0
2	A6H7I8
2	B5DFA1
2	A6H8I2
2	Q9M297
2	B5EHV5
2	A6L0W8
2	B5EQQ4
2	B5F9X0
2	Q9M290
2	B4TQH2
2	B4SU17
2	Q6LN30
2	Q5RES5
2	Q5RJR4
2	A5W844
2	A5W6G9
2	Q9UBL0
2	Q9M8M3
2	Q62120
2	Q9UDV7
2	Q9M6F0
2	Q9M6E2
2	A5UIY9
2	A5UHV9
2	Q9UDY6
2	B4RTU9
2	B4S387
2	B4SAR7
2	B5FBP8
2	Q9M274
2	B5FEW7
2	A6LJM9
2	B5Z9Y5
2	Q5RAY1
2	Q6L8K7
2	Q9M0R0
2	B6EGU1
2	B6EK51
2	A5PK13
2	B6EMN4
2	B6EPV7
2	Q5XD52
2	B6ISU5
2	B6JH72
2	B6JKE8
2	Q9TXI7
2	B6SZW0
2	Q9M0X8
2	Q9M126
2	Q6GZS4
2	Q6HEZ4
2	B5FGB5
2	B5FGE9
2	B5KRH5
2	B5R3H2
2	B5RF49
2	B5RHE6
2	B5X570
2	B5YI09
2	B5XZ20
2	B1YS68
2	B1YI70
2	B5Y1K9
2	B5Y1Y4
2	A5UAA8
2	A5W881
2	B4F7C5
2	Q9MA17
2	Q9NU19
2	B2V4G1
2	Q9NZZ3
2	Q5UQ48
2	B2V847
2	Q6IV56
2	B2VE12
2	Q9NYL2
2	B2VFE0
2	B2VGA2
2	B2VGQ6
2	Q9U8P7
2	Q9NX65
2	B2VJ10
2	Q9NVG8
2	B2JIC0
2	B2KCJ9
2	Q9U7E0
2	B2US45
2	B2KI64
2	Q9P7F7
2	Q5VRH9
2	B2SR05
2	Q6IPX1
2	B2T5I8
2	B2TJ47
2	Q619T5
2	Q5UR69
2	B2TWV5
2	Q9P2M4
2	B2U265
2	B2U304
2	B2UB12
2	B2UEG8
2	B3CN89
2	B3DQ62
2	Q9UBF8
2	B3E7B0
2	Q9N3Q4
2	Q9PKW8
2	Q9PMV3
2	B3QXY0
2	Q9N0E3
2	Q5SJZ6
2	B3R2B1
2	B2I325
2	A5WGE7
2	Q9MAH0
2	B4F183
2	B4F2C9
2	B4F2H6
2	B2HJP9
2	B2GUW6
2	B3Q7J8
2	B3PQ37
2	Q9NDJ2
2	Q61CW2
2	B3EE57
2	B3EK13
2	Q5W262
2	Q9NRZ9
2	Q5WFT4
2	B3EX61
2	Q5TC63
2	Q9NEL2
2	Q6INN8
2	Q9PEI0
2	B2ITX3
2	A5WH98
2	B3PBQ4
2	Q5SVR0
2	Q5RAN1
2	B6YXH7
2	Q638M6
2	B9L7Q2
2	Q9LSQ3
2	Q9ULG1
2	Q9LSL1
2	B1II57
2	C0H4W3
2	B1II34
2	Q62947
2	A5GIW5
2	Q9UNY4
2	Q9RVM1
2	A5G7W2
2	B1I2I8
2	Q9UPU7
2	A5F5C5
2	A5F464
2	B9M5C0
2	Q9RU84
2	B7GQ02
2	B9L006
2	B9A6J9
2	B1JBQ4
2	B9EBE2
2	B9IVB0
2	B9JBW0
2	B9JTP4
2	B9JU16
2	Q9LT67
2	Q5R5Y7
2	B9KA80
2	Q9LT23
2	B9KE50
2	B9KRU3
2	Q9RNU9
2	B1IXA4
2	A5F2P1
2	A5ETE1
2	A5EK49
2	Q62JD0
2	A4Y898
2	Q9UW24
2	Q9S7F4
2	A4XXP6
2	C0LLJ0
2	A4XWT5
2	C0Q5F4
2	C0QTC4
2	C0R414
2	B1H060
2	C0ZF60
2	B1GZX3
2	C1A8T3
2	A4XSM9
2	Q9LRV8
2	Q9UW20
2	A4YKV0
2	A4YVG0
2	Q63053
2	Q6GL87
2	Q62LC1
2	A5E0W5
2	Q9UQW6
2	Q9UR24
2	Q9URY3
2	A5D7F6
2	Q9UTL9
2	Q9USR3
2	A5D2U3
2	B1HQZ7
2	Q63424
2	A5CY29
2	Q6DHY5
2	B1JK16
2	B8MYS6
2	B8JC53
2	B7UFZ9
2	Q9LXY5
2	B7LTZ0
2	B7LUN9
2	B7LVT0
2	B7MNR6
2	Q6LW07
2	B7MR83
2	B7MY17
2	Q9LXL9
2	B7N5V3
2	Q9R117
2	B7N829
2	B7NP25
2	Q9LXD8
2	Q6GLZ0
2	Q6LVH1
2	Q9R0A0
2	Q6LV34
2	Q6LTK4
2	B1WNP5
2	B7H1I1
2	B7H1U5
2	B7HLF4
2	Q6GN16
2	Q62388
2	B7J9P7
2	Q6GN02
2	A5N834
2	B1MTG7
2	B7K5G6
2	B7KAT5
2	A5N827
2	B7LBJ6
2	B7NU44
2	B7UIK7
2	B8J6S7
2	B1LME8
2	B8F4X2
2	B8FR31
2	Q9LVA1
2	Q9LV17
2	Q9RCT1
2	Q5XI22
2	B8HFR2
2	B1KNT7
2	B8HVK1
2	Q9LUS3
2	B1KKT1
2	B1KJA5
2	B8I6D9
2	A5IIP4
2	Q9LUK7
2	B8E7R0
2	B1KWJ2
2	Q62689
2	B1KWL5
2	Q9LXA9
2	B7VIC2
2	Q9R9W0
2	A6LSP7
2	B7VLL5
2	Q5R812
2	Q6MEL5
2	Q9UJW8
2	B8CPY7
2	B8CQ79
2	B8CW61
2	Q9LW32
2	B8D932
2	B8DG10
2	O49558
2	Q9FY89
2	O49687
2	Q9C690
2	Q9C670
2	Q9STS9
2	Q9C658
2	P16540
2	Q9STT1
2	Q60542
2	P16952
2	Q9C598
2	Q59827
2	P17027
2	Q9C507
2	P17040
2	P17054
2	P17141
2	Q59757
2	P16097
2	P15804
2	A7MXZ4
2	P15723
2	A2BYV8
2	Q59ZC8
2	A2BXK2
2	P14506
2	P14610
2	P14611
2	A2BVQ3
2	Q59U81
2	A7Z4S6
2	Q59LR2
2	Q9C707
2	Q9C6T2
2	Q59KI4
2	P15620
2	A2BTF4
2	A2BPD1
2	Q9SUD8
2	Q9C0F3
2	Q9BYX2
2	A7TJI3
2	Q58944
2	Q9Y7K4
2	Q6CAD2
2	P21151
2	Q6CA87
2	A7SNN5
2	A1YG60
2	Q9AU12
2	A7NLR3
2	Q58554
2	P21775
2	Q60587
2	P21793
2	Q58461
2	Q6ZN06
2	Q9Y7J5
2	A7TMI5
2	Q59435
2	P17764
2	A7TN35
2	A2AWA9
2	Q9BYS8
2	Q9SUF9
2	P18160
2	Q9BXN1
2	P19255
2	Q9BXI6
2	Q9BXF3
2	Q9BX82
2	Q9BWD1
2	Q60560
2	Q67PA9
2	P14195
2	A6T2G7
2	A2C3T8
2	A8AJB3
2	Q9Y3Z3
2	A8AXD6
2	A8AW99
2	Q6CJ38
2	P0DC98
2	P0DKC8
2	A6SZP5
2	A8ALP3
2	A8ALC8
2	P10072
2	P10073
2	Q9CAD0
2	Q9CAA9
2	A8AKW6
2	Q9Y4A5
2	Q9Y3P9
2	Q9FWY7
2	Q9CAU0
2	Q9SSD1
2	Q6XHB2
2	A2T7D2
2	P0CO17
2	P0CO19
2	P0CP60
2	P0CP61
2	Q9CCG3
2	P0CR55
2	Q9CBU3
2	Q9CAU4
2	Q9CAU3
2	Q9CAU1
2	P0CQ66
2	P0CQ67
2	Q9Y4B4
2	Q9CAA5
2	Q9Y6P5
2	P10490
2	A7ZPF9
2	Q5ACX1
2	Q9C9A2
2	A7ZHQ2
2	A7ZHF0
2	Q9C932
2	Q5ABX0
2	Q9STJ6
2	Q5ABD0
2	P13360
2	Q9C8W9
2	P13437
2	Q9C8P8
2	Q6CBS3
2	Q9C878
2	P12880
2	A2R065
2	A2R9H9
2	Q9CA28
2	Q9CAA4
2	P10551
2	Q9CA56
2	A2SJF9
2	Q6YUS3
2	A8ADP1
2	A8ACZ3
2	A7ZU50
2	P11530
2	A8A6V0
2	A8A2L1
2	P11531
2	P11915
2	A7ZW09
2	Q6ZN57
2	P21809
2	Q5ATJ7
2	P29196
2	Q558Y6
2	A6VME0
2	Q9Z1L0
2	Q96RE9
2	P29597
2	Q55663
2	A6T4W4
2	Q72KE2
2	Q553X7
2	Q9Z1P4
2	Q96NG8
2	Q72L05
2	Q552C6
2	Q96N22
2	Q96MX3
2	P29307
2	P29195
2	Q57TG4
2	P29194
2	Q6FF69
2	Q9SY07
2	A6WQ26
2	P28594
2	P28653
2	P28654
2	A6WH99
2	A6VVM8
2	P28790
2	A6VUQ5
2	A6VQY2
2	Q72DR3
2	A6VQU2
2	Q96UM2
2	P29193
2	A6V1D8
2	A6V1A0
2	Q72U08
2	Q96L91
2	A6TGM3
2	A1TZR8
2	P32849
2	Q96CN4
2	P32871
2	Q6FCG9
2	Q96CF2
2	P33290
2	P33291
2	P33332
2	Q96BV0
2	Q9Z2Z3
2	Q73K21
2	Q54UC0
2	Q73K78
2	P32600
2	Q73GG3
2	Q9SZE4
2	Q96II8
2	P30694
2	Q54XY6
2	Q96JF6
2	P31244
2	P31380
2	Q60BA4
2	Q9SZ67
2	A1U2U4
2	Q732P8
2	Q96HU1
2	A1VFB6
2	Q6BV76
2	A6UDH9
2	P32020
2	Q60949
2	Q97I38
2	A6T4J7
2	Q9SVU6
2	Q700E3
2	Q9AJD7
2	Q9A871
2	Q9A709
2	Q9SVH3
2	P24325
2	Q9A6S5
2	Q570C8
2	Q9A0U7
2	Q9SVP6
2	Q70LM4
2	Q70PP2
2	P24752
2	P24928
2	Q99NG0
2	Q9SV87
2	Q6ZT07
2	A7MBI1
2	Q67ZE1
2	Q57T47
2	Q57T35
2	A7MSB2
2	Q6ZPV2
2	A7MQM5
2	P22543
2	Q57HM7
2	Q60710
2	P22715
2	Q57H97
2	Q6FK48
2	Q6ZRS2
2	A7MIC1
2	A7MGS4
2	A7HZP3
2	P25284
2	Q97I58
2	Q99MQ4
2	Q71VM4
2	P27154
2	Q989G8
2	P27364
2	Q55EP9
2	Q9Z1A9
2	A7EQA8
2	Q9SXD1
2	A6ZU34
2	Q9Z1D8
2	A1W0W2
2	Q55E72
2	P27796
2	Q97QX6
2	Q720A5
2	A7FVX8
2	A7FW01
2	Q56093
2	Q99JY0
2	Q70PR7
2	Q56X05
2	A7HLL7
2	Q99M75
2	Q56WD9
2	A7H243
2	Q99676
2	A7GFZ1
2	A7H0K4
2	Q60848
2	P26448
2	Q6C2R8
2	A1WGR0
2	A7GG14
2	Q5ARK3
2	A2T736
2	A8F1J5
2	Q9FIW5
2	A3R052
2	A9AIM0
2	O88533
2	O88553
2	Q5ZJL9
2	O88763
2	Q9FJ92
2	A8ZTM6
2	Q65R75
2	Q65RF4
2	Q5F5A9
2	A3QG97
2	Q9FJ00
2	Q6FX42
2	A3QFP4
2	Q9FJL4
2	Q9FJP6
2	Q6R2V6
2	O82197
2	Q5F5X0
2	Q9FKS4
2	O81313
2	Q6CP76
2	O81913
2	O81914
2	Q9FKA0
2	A4D998
2	Q9X5F2
2	O82380
2	Q9SL41
2	O83610
2	O84074
2	Q9FK33
2	Q9FIY7
2	A3Q9C4
2	O80536
2	O94421
2	P00519
2	P00521
2	Q9FI78
2	Q6FV37
2	Q9SN38
2	Q9FI40
2	Q9FI14
2	A8MXY4
2	A8MQY1
2	Q9FHA7
2	P00864
2	Q9FHA2
2	Q9FH77
2	Q9FH59
2	P02820
2	A8F4Z0
2	Q5F361
2	O96904
2	O94711
2	Q6R5P0
2	A8YVD9
2	Q9SLX0
2	Q9FIP9
2	A8X419
2	O94661
2	O94759
2	O96693
2	Q6FW96
2	A3Q8U3
2	Q9FIK7
2	A3Q255
2	O95759
2	A3PJG0
2	Q9X1E3
2	A4FVP6
2	Q9XES0
2	O65679
2	Q9FPW3
2	O60343
2	O60447
2	O60674
2	Q9FNI6
2	O62742
2	O64470
2	Q9SK55
2	A4IIK1
2	O64705
2	A4IID4
2	Q65730
2	A4IHG1
2	Q6D009
2	O65508
2	O60177
2	Q9FR53
2	O60065
2	O53901
2	Q9FWX2
2	Q5G5D8
2	Q9FVS2
2	Q5G1T1
2	O52199
2	O53871
2	Q9FVQ6
2	O59737
2	Q9FV66
2	Q9FV65
2	Q9FUA4
2	O55764
2	Q9FRV4
2	O59712
2	Q9WU78
2	Q9FN69
2	Q9WZZ1
2	Q657X6
2	Q9WV31
2	Q9FLR3
2	Q9FLJ2
2	O75381
2	O75467
2	Q9FLI1
2	Q9SKU6
2	O75747
2	O75820
2	Q5FK38
2	Q5FHA4
2	A4G4S7
2	O78472
2	Q65JJ3
2	O80467
2	O74630
2	Q5FPZ1
2	O74422
2	Q9FMJ0
2	Q5ZHS3
2	O66256
2	Q5ZI08
2	O66722
2	Q9FMR3
2	Q5FW29
2	Q9FMF6
2	Q9FMB6
2	O70167
2	O70173
2	Q6PQD5
2	Q5ZJ17
2	O71304
2	A6QP29
2	A3PF64
2	O97790
2	A3PB53
2	A3D685
2	A3CYJ3
2	P0A2H7
2	A8G9P6
2	Q5D891
2	Q9DBE0
2	P0A3X5
2	A8G8D0
2	P0A541
2	Q9DB96
2	Q9D9Q0
2	Q9XIN7
2	Q5CD77
2	Q5CD17
2	Q9D7S9
2	P0C192
2	Q66GP4
2	P0A043
2	Q9DC69
2	A8GH87
2	Q5E881
2	Q5E3U0
2	Q5E3E5
2	A3D2L1
2	Q9EQN5
2	A8GIE2
2	Q600B5
2	Q9DCB4
2	Q6TXD2
2	P09110
2	P09147
2	Q6CNY4
2	Q5E2E3
2	Q9DEI1
2	Q9D3N8
2	Q5BKN8
2	Q5BK63
2	A8FN24
2	A8FQW4
2	P0C7R4
2	P0C7X1
2	P0C895
2	Q66K14
2	Q9CNY5
2	P0C8Q5
2	P0C7L3
2	Q9SRT2
2	A8FDB9
2	P0CB81
2	P0CC10
2	Q5B0D0
2	Q9CN89
2	Q9Y2L8
2	P0C7L2
2	A8G779
2	A8G1A9
2	Q9XSD9
2	Q66GR3
2	A3CP10
2	Q66HA1
2	Q9SRQ2
2	A2YMR0
2	Q5BHD6
2	Q9Y2K5
2	Q5BAZ5
2	P0C5E7
2	Q6CJM4
2	A8FY36
2	A8FTR6
2	Q9Y2H8
2	Q6FRZ9
2	Q5VUJ6
2	A8GS16
2	Q9ES07
2	P07097
2	Q9FF61
2	A8GL86
2	Q9XFS9
2	A3MZ57
2	P06516
2	Q5ZML1
2	A8I060
2	Q9FFI5
2	Q66G74
2	Q667J3
2	A3M654
2	Q9SND4
2	A3MA94
2	A8GZ16
2	P05341
2	A8H5T2
2	Q9XIC5
2	Q5E9X4
2	A3DE52
2	A3KGB4
2	A8MHH5
2	Q6F6Q6
2	Q66EE5
2	Q9SND9
2	A3M1H9
2	Q5EAK6
2	Q9ESL4
2	Q5E8X7
2	P08045
2	Q9F0Y6
2	A3N6Z8
2	P07871
2	Q9SQX6
2	A8H6L0
2	A6QR00
2	A8MK48
2	A3MZC4
2	Q66EN4
2	P04711
2	Q9FE22
1	Q6GIX3
1	Q80X44
1	Q6FQE9
1	Q6GI21
1	Q7XJ98
1	Q6G2W1
1	Q6GNP2
1	Q6FLR5
1	Q6ET49
1	Q6G553
1	Q6F6R1
1	Q80SX5
1	Q7XLY8
1	Q6GMI7
1	Q6GL52
1	Q6GL68
1	Q7XJ81
1	Q6GAF0
1	Q7ZU90
1	Q6FNU6
1	Q7ZYA7
1	Q6F150
1	Q6F3F9
1	Q6FQA0
1	Q7ZW25
1	Q6F215
1	Q6EUK7
1	Q7XLR1
1	Q80U04
1	Q6GL11
1	Q7XUA6
1	Q7YQL3
1	Q6H4N0
1	Q6GGC1
1	Q6FRT2
1	Q6AZW8
1	Q6HDK8
1	Q7Z398
1	Q6HIK4
1	Q6EWH2
1	Q80WD0
1	Q6EU94
1	Q6FG12
1	Q7Z569
1	Q7XTV7
1	Q80W96
1	Q80W37
1	Q803I8
1	Q7ZWF4
1	Q6F0J3
1	Q7Z5J8
1	Q6FIU7
1	Q7XLG3
1	Q7XKI5
1	Q80V23
1	Q6GZW6
1	Q6FS70
1	Q6IE70
1	Q6ID18
1	Q804Q5
1	Q7Y1E6
1	Q7ZW78
1	Q6G1F8
1	Q7XJU0
1	Q7XSQ9
1	Q7YR43
1	Q6FDS7
1	Q6HN84
1	Q6FM98
1	Q6EVK6
1	Q7Z340
1	Q6GQH4
1	Q7XU31
1	Q80TS5
1	Q6FZB8
1	Q6FML5
1	Q6NRM7
1	Q6INV8
1	Q7CGI0
1	Q6VMQ6
1	Q6CKK4
1	Q7L0R7
1	Q6VAY5
1	Q6V1X1
1	Q7LZQ8
1	Q6UX04
1	Q6UWE0
1	Q6TH22
1	Q7M9U1
1	Q6RZ07
1	Q6RSN5
1	Q6RI88
1	Q6R8G8
1	Q6R8G7
1	Q7MHZ0
1	Q6R8G6
1	Q7KU24
1	Q6WRH9
1	Q6XBT4
1	Q6YND2
1	Q7CPR9
1	Q6YQW0
1	Q7CQE0
1	Q7CQY0
1	Q6YPM2
1	Q6CII3
1	Q7EYH7
1	Q6XZ79
1	Q6XDT6
1	Q6XL73
1	Q7G8Y3
1	Q6XHA6
1	Q6XHA5
1	Q6CJB5
1	Q6CJL0
1	Q7KRW1
1	Q6R8G5
1	Q6CL23
1	Q6CL78
1	Q7NNP3
1	Q6R2W3
1	Q7ND22
1	Q7NDG8
1	Q7NEF3
1	Q7NH27
1	Q6PQZ1
1	Q6CZQ8
1	Q6PKC3
1	Q7N8Y3
1	Q7NQE9
1	Q7NRM5
1	Q7NRT6
1	Q7NU39
1	Q6D0B8
1	Q7NXI1
1	Q6D1G2
1	Q7NAV2
1	Q7N843
1	Q6R8G4
1	Q6CNS3
1	Q6CLM5
1	Q6R8G3
1	Q6CM87
1	Q7MIV9
1	Q6CMN5
1	Q6CMT3
1	Q7MN84
1	Q7MUW6
1	Q6R7H7
1	Q6R8G2
1	Q7MX68
1	Q6R8G0
1	Q7N0E3
1	Q7N226
1	Q7N5C1
1	Q7N7B0
1	Q6CHP9
1	Q7C254
1	Q6IQ73
1	Q6CFI3
1	Q74H58
1	Q74IT7
1	Q74L91
1	Q74L92
1	Q71ZT7
1	Q74MR5
1	Q71ZJ8
1	Q71TF8
1	Q71T50
1	Q71L39
1	Q71L33
1	Q6BXZ7
1	Q71L19
1	Q6C462
1	Q71L16
1	Q74ZH9
1	Q712G9
1	Q723S9
1	Q74D60
1	Q725M6
1	Q72SY3
1	Q73IV4
1	Q73SD3
1	Q73DB1
1	Q73T77
1	Q730M2
1	Q72UA5
1	Q6BXC7
1	Q72NW0
1	Q72DK1
1	Q72GN6
1	Q72ET7
1	Q74230
1	Q74AR8
1	Q74BL5
1	Q72DN7
1	Q6BSU1
1	Q750A5
1	Q753F5
1	Q6C4W6
1	Q769I5
1	Q6ZEZ5
1	Q75GA5
1	Q6Z8L2
1	Q6Z784
1	Q75VW3
1	Q75WD2
1	Q75ZY9
1	Q6Z2T3
1	Q75DK7
1	Q6YY75
1	Q6CE69
1	Q7A697
1	Q7AAQ7
1	Q6YXS0
1	Q7AFV7
1	Q6CFE7
1	Q6CBP4
1	Q6ZMW2
1	Q70KY3
1	Q757I9
1	Q6C6M5
1	Q6ZVF9
1	Q754X1
1	Q6ZSS3
1	Q6ZSG1
1	Q6ZSB9
1	Q755C4
1	Q6ZR52
1	Q6ZN08
1	Q6ZNH5
1	Q6C8V1
1	Q6ZNE9
1	Q75A33
1	Q6ZN55
1	Q6ZN11
1	Q75CC8
1	Q6D1Z1
1	Q6PGB8
1	Q7PCJ6
1	Q7PN68
1	Q6MJ12
1	Q6EM62
1	Q6EM77
1	Q6ME54
1	Q6ME07
1	Q6EM87
1	Q6BIK6
1	Q7VNV0
1	Q6LXI3
1	Q7VQH5
1	Q7VQL3
1	Q6LVF6
1	Q6LUS1
1	Q7VTD6
1	Q7VUW2
1	Q6LP47
1	Q7VVY3
1	Q7VKV0
1	Q6MNG0
1	Q7VG06
1	Q6DK93
1	Q6DGG0
1	Q6DIC0
1	Q6DIP3
1	Q7V8X0
1	Q7V8Y7
1	Q7V904
1	Q6DJT9
1	Q6DTV9
1	Q7VEJ6
1	Q7V9C8
1	Q6MWS8
1	Q7VA03
1	Q6MTU9
1	Q6MPX9
1	Q6EM56
1	Q7VE85
1	Q6EM90
1	Q6B8X9
1	Q6LK43
1	Q6KAS7
1	Q6KGW7
1	Q6KGW4
1	Q6KGW1
1	Q6KGV8
1	Q6KCD5
1	Q6KC79
1	Q7XA61
1	Q6K9A2
1	Q7X8R0
1	Q6K991
1	Q6K215
1	Q6JAN0
1	Q6J9G1
1	Q6J8I9
1	Q6IRP0
1	Q7XE50
1	Q6EMB0
1	Q6EMA4
1	Q7W520
1	Q6KHA4
1	Q7W917
1	Q6L0S6
1	Q6L0R3
1	Q7WGI5
1	Q6EM99
1	Q6KHS4
1	Q6KHF9
1	Q6EMA2
1	Q6KGX3
1	Q7WTB1
1	Q7WVD3
1	Q7X7H9
1	Q6KGY2
1	Q7X843
1	Q6KGX9
1	Q6KGX6
1	Q6DFS6
1	Q6MZM0
1	Q6N4T3
1	Q6NZP1
1	Q7SG06
1	Q6D261
1	Q6P642
1	Q6P5X7
1	Q7T037
1	Q7T0Q3
1	Q6P1L6
1	Q7T2V3
1	Q6P6U0
1	Q6NZN0
1	Q6NZ21
1	Q7T6T3
1	Q6DAA8
1	Q6NY88
1	Q6NX45
1	Q6NV74
1	Q7SF72
1	Q6P9A1
1	Q6NUD7
1	Q6PDQ2
1	Q6PGA0
1	Q7PWV1
1	Q7Q9C0
1	Q7QBW0
1	Q7RAH3
1	Q7RVI1
1	Q6PFE3
1	Q6PDB4
1	Q6P9G9
1	Q6PC78
1	Q7S7Z6
1	Q7S9B7
1	Q7SBS7
1	Q7SBX8
1	Q6PB66
1	Q6PAQ4
1	Q6NUN9
1	Q7TNF8
1	Q6NEZ1
1	Q6NKR1
1	Q6NPT7
1	Q7UU71
1	Q6NMM8
1	Q6NML0
1	Q6DD44
1	Q7UX39
1	Q6NKW7
1	Q7UZY5
1	Q6DBG8
1	Q6NH03
1	Q6DD87
1	Q6DEW6
1	Q7V3Q3
1	Q7V4G2
1	Q7V502
1	Q6NG30
1	Q6NQ81
1	Q7UDU1
1	Q6NTY6
1	Q7TT28
1	Q6NTV1
1	Q7TPV2
1	Q6NSJ5
1	Q7TQP6
1	Q6NRV8
1	Q73Q15
1	Q7TSY8
1	Q6NRL6
1	Q7UBI8
1	Q6NRG0
1	Q7U469
1	Q6NQG7
1	Q7U4D3
1	Q7U4U9
1	Q7U8G2
1	Q7UA76
1	Q6F7E4
1	A0A075B759
1	Q80XL1
1	Q9JK82
1	Q9KD71
1	Q9KAG8
1	Q9JMC3
1	Q9JLI7
1	Q9JL16
1	Q9JKV7
1	Q9JKP8
1	Q9JJJ3
1	Q9KNV1
1	Q9JJ79
1	Q9JJ46
1	Q9JIR0
1	Q9JIP7
1	Q9JIM3
1	Q9JII5
1	Q9JIA1
1	Q9KJT8
1	Q9KPV5
1	Q9I5Q6
1	Q9LF64
1	Q9LIK6
1	Q9LFX9
1	Q9LFR1
1	Q9LFP3
1	Q9LFD2
1	Q9LFD1
1	Q9LFB8
1	Q9LEX6
1	Q9KPX6
1	Q9LET0
1	Q9LCQ4
1	Q9L772
1	Q9L0K4
1	Q9KWS6
1	Q9KUZ8
1	Q9KU96
1	Q9JHE7
1	Q9I340
1	Q9ATM7
1	Q9H3Z4
1	Q9H6Y7
1	Q9H6L4
1	Q9H5H4
1	Q9H4Q4
1	Q9H4L7
1	Q9H477
1	Q9H444
1	Q9H3Y6
1	Q9H8G1
1	Q9H3W5
1	Q9H3U1
1	Q9H2S9
1	Q9H2H8
1	Q9H116
1	Q9H0F5
1	Q9GZX5
1	Q9H7X3
1	Q9H9L3
1	Q9HWZ3
1	Q9HHB8
1	Q9HWD1
1	Q9HV59
1	Q9HV44
1	Q9HPZ2
1	Q9HM08
1	Q9HLY1
1	Q9HJ83
1	Q9HGL3
1	Q9H9V4
1	Q9HDU5
1	Q9HCX3
1	Q9HCS4
1	Q9HCK8
1	Q9HC78
1	Q9HBX9
1	Q9HBT7
1	Q9LIS1
1	Q9LJB4
1	Q9LJD8
1	Q9LZG0
1	Q9M171
1	Q9M0R6
1	Q9M0R4
1	Q9M0B6
1	Q9LZW3
1	Q9LZV8
1	Q9LZJ6
1	Q9LYV3
1	Q9M173
1	Q9LYR6
1	Q9LYQ2
1	Q9LYN6
1	Q9LYD5
1	Q9LY75
1	Q9LY43
1	Q9LY41
1	Q9M172
1	Q9M174
1	Q9LJL6
1	Q9M331
1	Q9MBC1
1	Q9M9V7
1	Q9M9L0
1	Q9M895
1	Q9M817
1	Q9M658
1	Q9M390
1	Q9M313
1	Q9M175
1	Q9M2B0
1	Q9M1K1
1	Q9M1I2
1	Q9M1I1
1	Q9M1E2
1	Q9M1E1
1	Q9M1B9
1	Q9LXR7
1	Q9LXF4
1	Q9LXE3
1	Q9LNE4
1	Q9LRB7
1	Q9LR73
1	Q9LQM2
1	Q9LQL2
1	Q9LPQ3
1	Q9LPC6
1	Q9LNF2
1	Q9LNE3
1	Q9LX93
1	Q9LN95
1	Q9LN71
1	Q9LMS3
1	Q9LM76
1	Q9LM69
1	Q9LK72
1	Q9LK10
1	Q9LRQ7
1	Q9LRQ8
1	Q9LS99
1	Q9LSE8
1	Q9LWR2
1	Q9LWR0
1	Q9LW85
1	Q9LW77
1	Q9LW20
1	Q9LVE0
1	Q9LV10
1	Q9LUZ9
1	Q9LUV1
1	Q9LUL6
1	Q9LU89
1	Q9LT35
1	Q9LT17
1	Q9LSW9
1	Q9LSF0
1	Q9GZR2
1	Q9GRC0
1	Q9GL65
1	Q9CMS2
1	Q9CQU3
1	Q9CQ94
1	Q9CQ36
1	Q9CQ10
1	Q9CPX9
1	Q9CPW5
1	Q9CNH3
1	Q9CME6
1	Q9CXF7
1	Q9CII4
1	Q9CGD8
1	Q9CF42
1	Q9CEF5
1	Q9CE02
1	Q9CDG0
1	Q9CDE9
1	Q9CR16
1	Q9CY62
1	Q9DBR3
1	Q9D6N5
1	Q9DAF3
1	Q9D9G2
1	Q9D924
1	Q9D8B3
1	Q9D868
1	Q9D832
1	Q9D7F7
1	Q9D6L8
1	Q9CZI9
1	Q9D6D8
1	Q9D489
1	Q9D304
1	Q9D2Y4
1	Q9D0P0
1	Q9D0L7
1	Q9D0C1
1	Q9CAU7
1	Q9CAR9
1	Q9CAG5
1	Q9BSK1
1	Q9BYN7
1	Q9BY43
1	Q9BY08
1	Q9BX69
1	Q9BWF2
1	Q9BV68
1	Q9BUE6
1	Q9BS34
1	Q9CAA7
1	Q9BS31
1	Q9BRH9
1	Q9B1A1
1	Q9ATN4
1	Q9ATN2
1	Q9ATN1
1	Q9ATN0
1	Q9BZQ4
1	Q9C0J9
1	Q9C4Z5
1	Q9C524
1	Q9CA34
1	Q9C9A6
1	Q9C977
1	Q9C919
1	Q9C911
1	Q9C8N5
1	Q9C835
1	Q9C7U1
1	Q9C7T4
1	Q9C7R6
1	Q9C7I1
1	Q9C7G1
1	Q9C7E9
1	Q9C6T0
1	Q9C566
1	Q9DAI4
1	Q9DBU5
1	Q9GL32
1	Q9FMM4
1	Q9FTZ2
1	Q9FNP9
1	Q9FNL8
1	Q9FNL7
1	Q9FN41
1	Q9FMV5
1	Q9FMQ1
1	Q9FMF4
1	Q9FWV6
1	Q9FME4
1	Q9FM20
1	Q9FLI0
1	Q9FLH8
1	Q9FLC6
1	Q9FLB5
1	Q9FLA5
1	Q9FVR6
1	Q9FX01
1	Q9DBX7
1	Q9GFK8
1	Q9GFN5
1	Q9GFN2
1	Q9GFM9
1	Q9GFM6
1	Q9GFM3
1	Q9GFL8
1	Q9GFL3
1	Q9GFK3
1	Q9FY14
1	Q9GFK0
1	Q9GE26
1	Q9FZJ1
1	Q9FZ36
1	Q9FYB5
1	Q9FY79
1	Q9FY69
1	Q9FL42
1	Q9FL17
1	Q9FL07
1	Q9ERK0
1	Q9FFG1
1	Q9FF86
1	Q9FF53
1	Q9EXN6
1	Q9ESY6
1	Q9ERU9
1	Q9ERR8
1	Q9ER74
1	Q9FKX5
1	Q9EQC1
1	Q9EQB9
1	Q9EPW9
1	Q9EPU7
1	Q9DG67
1	Q9DCB8
1	Q9DBY1
1	Q9FFN2
1	Q9FG05
1	Q9FG21
1	Q9FGB0
1	Q9FJW6
1	Q9FJD5
1	Q9FJ55
1	Q9FJ09
1	Q9FIZ9
1	Q9FIT4
1	Q9FIR0
1	Q9FIF5
1	Q9FHN6
1	Q9FHG8
1	Q9FGP8
1	Q9FGP7
1	Q9FGP6
1	Q9FGL2
1	Q9FGJ6
1	Q9ME90
1	Q9MSA1
1	Q9MSP1
1	Q9VL72
1	Q9W5E1
1	Q9VUC6
1	Q9VQS7
1	Q9VQS6
1	Q9VN95
1	Q9VMX6
1	Q9VMA0
1	Q9VHN9
1	Q9WTV7
1	Q9VFE4
1	Q9VDW6
1	Q9V9J3
1	Q9V730
1	Q9V6K3
1	Q9V5Z7
1	Q9V3Q6
1	Q9W747
1	Q9WTY0
1	Q9XFK7
1	Q9X5D1
1	Q9XF63
1	Q9XF59
1	Q9XF58
1	Q9XES5
1	Q9XEF0
1	Q9XCA6
1	Q9X9Z8
1	Q9X4A0
1	Q9WTY4
1	Q9WZV3
1	Q9WVL6
1	Q9WVG7
1	Q9WVE9
1	Q9WUF2
1	Q9WUD9
1	Q9WTZ1
1	Q9V3G3
1	Q9V109
1	Q9UZU7
1	Q9UF33
1	Q9UK13
1	Q9UJN7
1	Q9UJL9
1	Q9UHY7
1	Q9UHP6
1	Q9UFB7
1	Q9UF47
1	Q9UEG4
1	Q9UZJ3
1	Q9UBU9
1	Q9UBS3
1	Q9UBH6
1	Q9UBF6
1	Q9UA41
1	Q9U6V6
1	Q9U308
1	Q9UKS7
1	Q9UKT9
1	Q9UKV5
1	Q9UM54
1	Q9UXR9
1	Q9UU86
1	Q9UTN6
1	Q9UTK5
1	Q9UTD8
1	Q9UT86
1	Q9UST3
1	Q9US25
1	Q9UQB3
1	Q9UQ16
1	Q9UPW6
1	Q9UPG8
1	Q9UNY5
1	Q9UNP9
1	Q9UM63
1	Q9XFH4
1	Q9XGX0
1	Q9TZC4
1	Q9Z2B1
1	Q9ZFC5
1	Q9ZE83
1	Q9ZD62
1	Q9ZCU7
1	Q9Z9L8
1	Q9Z9E9
1	Q9Z5I9
1	Q9Z1S7
1	Q9ZJH5
1	Q9Z1J1
1	Q9Z139
1	Q9Z138
1	Q9Z0U0
1	Q9Z0T6
1	Q9Z0R4
1	Q9Z0G7
1	Q9ZFF8
1	Q9ZNV5
1	Q9XH42
1	Q9ZV43
1	Q9ZWI7
1	Q9ZWB4
1	Q9ZW81
1	Q9ZVX8
1	Q9ZVL3
1	Q9ZVJ4
1	Q9ZV53
1	Q9ZV31
1	Q9ZPV7
1	Q9ZV07
1	Q9ZUV3
1	Q9ZUT9
1	Q9ZUL5
1	Q9ZT49
1	Q9ZQF9
1	Q9ZPY2
1	Q9Z0E1
1	Q9YZR5
1	Q9YI66
1	Q9XZ08
1	Q9Y2Y4
1	Q9Y2P0
1	Q9Y2D9
1	Q9Y2C9
1	Q9Y252
1	Q9Y225
1	Q9Y169
1	Q9XTA2
1	Q9YBQ2
1	Q9XSR1
1	Q9XIN0
1	Q9XIL5
1	Q9XIK3
1	Q9XIJ5
1	Q9XH44
1	Q9XH43
1	Q9Y3C6
1	Q9Y3E7
1	Q9Y446
1	Q9Y473
1	Q9YAU8
1	Q9Y8E3
1	Q9Y7T9
1	Q9Y7T0
1	Q9Y7K6
1	Q9Y783
1	Q9Y6X6
1	Q9Y6U7
1	Q9Y6A5
1	Q9Y620
1	Q9Y572
1	Q9Y536
1	Q9Y534
1	Q9Y4L5
1	Q9Y4F1
1	Q9TZM3
1	Q9TW45
1	Q9MSQ3
1	Q9Q926
1	Q9QYI7
1	Q9QYE0
1	Q9QY23
1	Q9QXT9
1	Q9QVP9
1	Q9QUR6
1	Q9QUK6
1	Q9Q8Q1
1	Q9QZ70
1	Q9PVZ4
1	Q9PQ82
1	Q9PK53
1	Q9PC84
1	Q9PBD3
1	Q9PB06
1	Q9PA24
1	Q9QYJ0
1	Q9QZ71
1	Q9SA76
1	Q9RDD7
1	Q9S816
1	Q9S7Y1
1	Q9S7R5
1	Q9S775
1	Q9RXK6
1	Q9RUG2
1	Q9RGS8
1	Q9R1D1
1	Q9QZA2
1	Q9R0G7
1	Q9R062
1	Q9R049
1	Q9R032
1	Q9R031
1	Q9QZQ1
1	Q9QZH3
1	Q9P7T9
1	Q9P7H2
1	Q9P7E1
1	Q9NQB0
1	Q9NSC2
1	Q9NS56
1	Q9NRV9
1	Q9NRG0
1	Q9NR33
1	Q9NQV7
1	Q9NQU5
1	Q9NP60
1	Q9P795
1	Q9NI62
1	Q9NHX0
1	Q9NHW7
1	Q9N5X6
1	Q9N2J4
1	Q9N119
1	Q9MUP1
1	Q9NSD4
1	Q9NV72
1	Q9NVH1
1	Q9NVW2
1	Q9P793
1	Q9P789
1	Q9P6Q2
1	Q9P3X9
1	Q9P3T6
1	Q9P380
1	Q9P2K3
1	Q9P2F9
1	Q9P2D1
1	Q9P286
1	Q9P1Y6
1	Q9NZC9
1	Q9NYW8
1	Q9NYG5
1	Q9NX45
1	Q9SA52
1	Q9SAB4
1	Q9TW32
1	Q9SUH6
1	Q9SX20
1	Q9SW33
1	Q9SVM9
1	Q9SV84
1	Q9SV36
1	Q9SV31
1	Q9SUW1
1	Q9SU40
1	Q9SXF8
1	Q9STX9
1	Q9STK5
1	Q9STJ7
1	Q9SSE8
1	Q9SRT0
1	Q9SRQ8
1	Q9SRQ7
1	Q9SX54
1	Q9SXZ2
1	Q9SAI4
1	Q9TLV7
1	Q9TVW2
1	Q9TV61
1	Q9TU72
1	Q9TTY2
1	Q9TTC6
1	Q9TTA5
1	Q9TM55
1	Q9TKZ6
1	Q9SY69
1	Q9TJQ9
1	Q9T1Q7
1	Q9T0C7
1	Q9T050
1	Q9SZY4
1	Q9SZ58
1	Q9SYK1
1	Q9SRQ6
1	Q9SRM0
1	Q9SRI2
1	Q9SIH1
1	Q9SK92
1	Q9SJZ7
1	Q9SJX1
1	Q9SJJ7
1	Q9SJ05
1	Q9SIY8
1	Q9SIW2
1	Q9SID0
1	Q9SR40
1	Q9SH31
1	Q9SGQ6
1	Q9SG96
1	Q9SFB6
1	Q9SF85
1	Q9SDN0
1	Q9SD40
1	Q9SK96
1	Q9SK99
1	Q9SKK8
1	Q9SKQ0
1	Q9SPU3
1	Q9SPL2
1	Q9SP02
1	Q9SNC6
1	Q9SNB6
1	Q9SN28
1	Q9SN27
1	Q9SN09
1	Q9SMS0
1	Q9SMP0
1	Q9SLI2
1	Q9SLC4
1	Q9SLC3
1	Q9SL78
1	Q9SKX1
1	Q9ATM8
1	Q9ATM6
1	Q80YA7
1	Q8GWV5
1	Q8H111
1	Q8H102
1	Q8H0U8
1	Q8GZA6
1	Q8GY88
1	Q8GXN2
1	Q8GX46
1	Q8GW38
1	Q8H157
1	Q8GVE8
1	Q8GUU2
1	Q8GUG9
1	Q8GT73
1	Q8GSN8
1	Q8GRT8
1	Q8GRI8
1	Q8H133
1	Q8H5N9
1	Q8GLP8
1	Q8IYN0
1	Q8K1P7
1	Q8K0S5
1	Q8K0L9
1	Q8K0G5
1	Q8JH64
1	Q8IZQ1
1	Q8IZ26
1	Q8IY34
1	Q8H965
1	Q8IXY8
1	Q8IX06
1	Q8IW36
1	Q8IV33
1	Q8IUR7
1	Q8I589
1	Q8HXS3
1	Q8GLU7
1	Q8GLE6
1	Q9ATM5
1	Q8DVV5
1	Q8EHC4
1	Q8EHC1
1	Q8EAZ2
1	Q8E7Q7
1	Q8E298
1	Q8DXC2
1	Q8DWH2
1	Q8DTY0
1	Q8EJ93
1	Q8DSN2
1	Q8DR34
1	Q8DPP1
1	Q8DN69
1	Q8DKR7
1	Q8DKH7
1	Q8DI44
1	Q8EHT6
1	Q8EKK8
1	Q8G6C6
1	Q8FPA7
1	Q8G120
1	Q8G0J9
1	Q8G074
1	Q8FY85
1	Q8FXX1
1	Q8FT30
1	Q8FS86
1	Q8FNF5
1	Q8EUM4
1	Q8FN77
1	Q8FLC5
1	Q8FJ50
1	Q8FH91
1	Q8FFB5
1	Q8FDH5
1	Q8F500
1	Q8K2M0
1	Q8K2R5
1	Q8K4B2
1	Q8N2F6
1	Q8N697
1	Q8N680
1	Q8N554
1	Q8N4C6
1	Q8N448
1	Q8N2R0
1	Q8N2I2
1	Q8N1W2
1	Q8N8V2
1	Q8N1G1
1	Q8N184
1	Q8MY86
1	Q8MPX3
1	Q8MNV7
1	Q8MK67
1	Q8LPS6
1	Q8N859
1	Q8N9F8
1	Q8K4Y5
1	Q8NHY6
1	Q8PAK8
1	Q8P8M6
1	Q8P8F8
1	Q8NZD9
1	Q8NT20
1	Q8NNB4
1	Q8NLY8
1	Q8NHS0
1	Q8N9Z0
1	Q8NGR2
1	Q8NG27
1	Q8NFD2
1	Q8NCN2
1	Q8NCM8
1	Q8NB50
1	Q8NB16
1	Q8LPL2
1	Q8LGA5
1	Q8LFY8
1	Q8KGF9
1	Q8L649
1	Q8L5W7
1	Q8L4B2
1	Q8L3X9
1	Q8L3D3
1	Q8L397
1	Q8KRC9
1	Q8KCL0
1	Q8LFP7
1	Q8KCD8
1	Q8KA54
1	Q8KA13
1	Q8K9Y9
1	Q8K9P3
1	Q8K9M9
1	Q8K938
1	Q8L7M4
1	Q8L7Y9
1	Q8L8C0
1	Q8L8W5
1	Q8LF65
1	Q8LE94
1	Q8LDR3
1	Q8LDP4
1	Q8LDB8
1	Q8LCY2
1	Q8LCG7
1	Q8LC69
1	Q8LBM4
1	Q8LBH4
1	Q8LBA0
1	Q8LAI1
1	Q8LAA6
1	Q8L9W3
1	Q8L9T5
1	Q8DCM1
1	Q8DBX7
1	Q8DB17
1	Q866S3
1	Q86TJ5
1	Q86TI2
1	Q86TG7
1	Q86T29
1	Q86SG6
1	Q86HQ3
1	Q86AS5
1	Q862Z4
1	Q86U28
1	Q85WV2
1	Q85B41
1	Q85AI6
1	Q84WG1
1	Q84WG0
1	Q84W40
1	Q84TF5
1	Q86TM6
1	Q86UQ0
1	Q87WP1
1	Q879Y6
1	Q87TN7
1	Q87RX2
1	Q87MQ5
1	Q87LY4
1	Q87L67
1	Q87C36
1	Q87BS9
1	Q871A4
1	Q86UZ6
1	Q86Y13
1	Q86XU0
1	Q86WJ1
1	Q86W92
1	Q86W11
1	Q86VZ2
1	Q86V71
1	Q84S07
1	Q84RL7
1	Q84RL6
1	Q81UX4
1	Q82UQ4
1	Q82TC0
1	Q82EU9
1	Q82DQ2
1	Q82BY4
1	Q828K9
1	Q823T2
1	Q81QB7
1	Q84R36
1	Q81HQ5
1	Q818F0
1	Q812D3
1	Q81165
1	Q810A1
1	Q80Z37
1	Q80YP6
1	Q833W9
1	Q835R5
1	Q838C9
1	Q839H0
1	Q84R16
1	Q84LM4
1	Q84KP0
1	Q84J37
1	Q83NI2
1	Q83MZ4
1	Q83M66
1	Q83K78
1	Q83JB1
1	Q83F59
1	Q83E37
1	Q83CJ2
1	Q83BE5
1	Q83B60
1	Q83AK7
1	Q87V14
1	Q88419
1	Q8D3C7
1	Q8BZ98
1	Q8C827
1	Q8C779
1	Q8C4A0
1	Q8C208
1	Q8C167
1	Q8C0P7
1	Q8C015
1	Q8BZ34
1	Q8CBB2
1	Q8BYH8
1	Q8BY46
1	Q8BWR4
1	Q8BVU0
1	Q8BVG4
1	Q8BTW9
1	Q8BPX9
1	Q8C8U0
1	Q8CBC6
1	Q884P1
1	Q8CP18
1	Q8D2Q6
1	Q8CXD3
1	Q8CWU6
1	Q8CWT2
1	Q8CSF2
1	Q8CRJ4
1	Q8CQF6
1	Q8CJV9
1	Q8CBF3
1	Q8CIN4
1	Q8CIK8
1	Q8CIH5
1	Q8CHC8
1	Q8CGS4
1	Q8CEC6
1	Q8CE64
1	Q8BP31
1	Q8BNJ3
1	Q8BMZ5
1	Q890N7
1	Q89QK7
1	Q89J80
1	Q89EG9
1	Q89AW2
1	Q89AQ6
1	Q898F0
1	Q892R1
1	Q88XY9
1	Q8BLB0
1	Q88VM1
1	Q88QQ5
1	Q88QN9
1	Q88F17
1	Q88DU3
1	Q88CV1
1	Q889X5
1	Q89V02
1	Q8A255
1	Q8A8C3
1	Q8AVS8
1	Q8BKK5
1	Q8BJL0
1	Q8BIF9
1	Q8BI99
1	Q8BI73
1	Q8BI66
1	Q8BI21
1	Q8BHK9
1	Q8BGI1
1	Q8BGF7
1	Q8BGB7
1	Q8BG79
1	Q8AXY6
1	Q8AXB4
1	Q8AWW4
1	Q8PJY5
1	Q8PLG2
1	Q8PMA9
1	Q943I6
1	Q94KE0
1	Q94CS9
1	Q94BY6
1	Q94AA9
1	Q94A52
1	Q94A06
1	Q944G5
1	Q941X2
1	Q95JF4
1	Q940Z5
1	Q940X7
1	Q940T5
1	Q940Q8
1	Q940Q4
1	Q940A2
1	Q93ZF5
1	Q95126
1	Q95JH6
1	Q96EY7
1	Q96321
1	Q96CS4
1	Q96CK0
1	Q96BP3
1	Q96AZ6
1	Q96AH8
1	Q968X7
1	Q967D7
1	Q95ZV7
1	Q95JH7
1	Q95YD4
1	Q95UN8
1	Q95SP2
1	Q95M30
1	Q95KR7
1	Q95KD9
1	Q95JI3
1	Q93Z92
1	Q93Z20
1	Q93Z01
1	Q91ZW3
1	Q924V4
1	Q924U5
1	Q924A0
1	Q92482
1	Q923J4
1	Q923B3
1	Q922K9
1	Q91ZV8
1	Q93WI9
1	Q91ZR4
1	Q91ZD1
1	Q91YL2
1	Q91XL2
1	Q91XF4
1	Q91W98
1	Q91W89
1	Q92698
1	Q92935
1	Q92BN9
1	Q92EQ5
1	Q93WC5
1	Q93VV5
1	Q93S23
1	Q93R26
1	Q93Q66
1	Q93105
1	Q93063
1	Q92ZW9
1	Q92T07
1	Q92QH3
1	Q92Q15
1	Q92NM3
1	Q92ME7
1	Q92H24
1	Q92H06
1	Q96DV4
1	Q96FZ7
1	Q91738
1	Q99KD5
1	Q99Y14
1	Q99PV5
1	Q99PJ7
1	Q99N57
1	Q99MP8
1	Q99ML9
1	Q99KR7
1	Q99J82
1	Q9A3K3
1	Q99590
1	Q99335
1	Q99081
1	Q99056
1	Q99055
1	Q99049
1	Q99046
1	Q99ZL9
1	Q9AQU5
1	Q96H86
1	Q9ATL4
1	Q9ATM4
1	Q9ATM0
1	Q9ATL9
1	Q9ATL8
1	Q9ATL7
1	Q9ATL6
1	Q9ATL5
1	Q9ATL3
1	Q9AR14
1	Q9ATL2
1	Q9AT75
1	Q9AT74
1	Q9ASX9
1	Q9ASS6
1	Q9ASJ1
1	Q9ASI1
1	Q99044
1	Q98QD7
1	Q98N60
1	Q96LW9
1	Q96NL3
1	Q96NJ6
1	Q96NI8
1	Q96N77
1	Q96N38
1	Q96MU6
1	Q96MT1
1	Q96LW1
1	Q98FY0
1	Q96K83
1	Q96K62
1	Q96JL9
1	Q96IR2
1	Q96IC2
1	Q96HU8
1	Q96HQ0
1	Q96PE1
1	Q96PS8
1	Q96S53
1	Q96S96
1	Q98DD2
1	Q98949
1	Q97U29
1	Q97SQ4
1	Q97SH4
1	Q97QL2
1	Q97IC2
1	Q97GY2
1	Q97CD9
1	Q97BG9
1	Q976B0
1	Q96YW6
1	Q96WT3
1	Q96WM9
1	Q96SR6
1	Q91845
1	Q91736
1	Q8PQ32
1	Q8TF47
1	Q8U0M8
1	Q8TYV1
1	Q8TXJ3
1	Q8TXB6
1	Q8TRC2
1	Q8TIJ4
1	Q8TF50
1	Q8TF32
1	Q8U9V0
1	Q8TEB7
1	Q8TE73
1	Q8TDI0
1	Q8TD26
1	Q8TD23
1	Q8TD17
1	Q8TC57
1	Q8U194
1	Q8UE14
1	Q8VZR7
1	Q8VIG6
1	Q8VZA1
1	Q8VZ40
1	Q8VYE4
1	Q8VXX5
1	Q8VWH2
1	Q8VMU1
1	Q8VIN1
1	Q8VI24
1	Q8UEP3
1	Q8VE52
1	Q8VDG6
1	Q8VCT9
1	Q8VCR7
1	Q8UJW4
1	Q8UI24
1	Q8UET6
1	Q8TBZ5
1	Q8TB69
1	Q8TAX0
1	Q8R2N1
1	Q8RWY7
1	Q8RWY3
1	Q8RMD4
1	Q8RB67
1	Q8RAE8
1	Q8R7V0
1	Q8R2V3
1	Q8R1Q9
1	Q8TAF7
1	Q8R146
1	Q8R0T2
1	Q8QGV2
1	Q8QG64
1	Q8QFP9
1	Q8PUY5
1	Q8PUR6
1	Q8RX29
1	Q8RX67
1	Q8RX77
1	Q8RXK2
1	Q8T3Y0
1	Q8T3X9
1	Q8SW31
1	Q8STF6
1	Q8SS72
1	Q8SRK2
1	Q8SRE1
1	Q8S403
1	Q8S397
1	Q8S1X9
1	Q8S1X8
1	Q8S1X7
1	Q8RYM9
1	Q8RXX9
1	Q8RXT4
1	Q8VZE2
1	Q8VZW1
1	Q91735
1	Q8Z9E1
1	Q8ZLD6
1	Q8ZJF7
1	Q8ZJE6
1	Q8ZCS3
1	Q8ZC15
1	Q8ZBK0
1	Q8ZAR4
1	Q8Z6Q5
1	Q8ZRS2
1	Q8YXG9
1	Q8YUA5
1	Q8YP61
1	Q8YHP4
1	Q8YGU6
1	Q8Y9Y2
1	Q8Y242
1	Q8ZPM6
1	Q8ZYK5
1	Q8W036
1	Q91147
1	Q91694
1	Q91571
1	Q91560
1	Q91288
1	Q91287
1	Q91286
1	Q91285
1	Q90ZB6
1	Q90330
1	Q90Z00
1	Q90972
1	Q90670
1	Q90669
1	Q90632
1	Q90413
1	Q90344
1	Q8Y213
1	Q8XZ85
1	Q8XX83
1	Q8WND5
1	Q8WWI1
1	Q8WWF6
1	Q8WW22
1	Q8WUM4
1	Q8WUA2
1	Q8WTU0
1	Q8WTP8
1	Q8WMX5
1	Q8XW41
1	Q8W571
1	Q8W4D0
1	Q8W2F2
1	Q8W1W9
1	Q8W171
1	Q8W103
1	Q8W037
1	Q8WXG6
1	Q8X166
1	Q8X191
1	Q8X226
1	Q8XV61
1	Q8XV09
1	Q8XP78
1	Q8XNK5
1	Q8XJP6
1	Q8XJL8
1	Q8XIT1
1	Q8XHE4
1	Q8XBL0
1	Q8XAD2
1	Q8X9D3
1	Q8X947
1	Q8X839
1	Q8X6K6
1	Q8X651
1	Q96X45
1	Q39JC7
1	Q6AY34
1	O43044
1	O42565
1	O42422
1	O42410
1	O42395
1	O42287
1	O42196
1	O42184
1	O42127
1	O35927
1	O35889
1	O35824
1	O35780
1	O35779
1	O35723
1	O35367
1	O35346
1	O35345
1	O35344
1	O35343
1	O35185
1	O35048
1	O34768
1	O34340
1	O42861
1	O43045
1	O34136
1	O43065
1	O49923
1	O49886
1	O49605
1	O49562
1	O49500
1	O49343
1	O49287
1	O48962
1	O48842
1	O48700
1	O48671
1	O48670
1	O43909
1	O43567
1	O43447
1	O43353
1	O43318
1	O43315
1	O43309
1	O43298
1	O43283
1	O43164
1	O43085
1	O34242
1	O33915
1	O50564
1	O22042
1	O21240
1	O19004
1	O18023
1	O16264
1	O16102
1	O15587
1	O15258
1	O15209
1	O15146
1	O15078
1	O14981
1	O14978
1	O14776
1	O14709
1	O14647
1	O14646
1	O14520
1	O14503
1	O14342
1	O14277
1	O14212
1	O14139
1	O13959
1	O22040
1	O22193
1	O33529
1	O22255
1	O32113
1	O31714
1	O29891
1	O28846
1	O28575
1	O28386
1	O28344
1	O28135
1	O27587
1	O27352
1	O27130
1	O26373
1	O26206
1	O25982
1	O24111
1	O23487
1	O23317
1	O23225
1	O22755
1	O22714
1	O22588
1	O22478
1	O22283
1	O50467
1	O51575
1	O94400
1	O81767
1	O81081
1	O81072
1	O81020
1	O80927
1	O80742
1	O80482
1	O80480
1	O80436
1	O80434
1	O77783
1	O77750
1	O76997
1	O76460
1	O75953
1	O75602
1	O75473
1	O75380
1	O75346
1	O75127
1	O75123
1	O74942
1	O74909
1	O74853
1	O81312
1	O81900
1	O74757
1	O81902
1	O94374
1	O94273
1	O93919
1	O93826
1	O93631
1	O92954
1	O92529
1	O91079
1	O89114
1	O88643
1	O88282
1	O88196
1	O87885
1	O87778
1	O87385
1	O86949
1	O86231
1	O85213
1	O84345
1	O82616
1	O82598
1	O82316
1	O82088
1	O74842
1	O74729
1	O51930
1	O64629
1	O62735
1	O61460
1	O60938
1	O60884
1	O60765
1	O60684
1	O60603
1	O60315
1	O60304
1	O60290
1	O60264
1	O60116
1	O60014
1	O59896
1	O59790
1	O59230
1	O59128
1	O58984
1	O55176
1	O55035
1	O54965
1	O54794
1	O52164
1	O63057
1	O64762
1	O74660
1	O64964
1	O74482
1	O74349
1	O73798
1	O73694
1	O73693
1	O73692
1	O73691
1	O70196
1	O70146
1	O68874
1	O67786
1	O67709
1	O67690
1	O67623
1	O67293
1	O67186
1	O66921
1	O66105
1	O65784
1	O65780
1	O65731
1	O65220
1	O64988
1	O13942
1	O13792
1	O13148
1	C5CYZ1
1	C5BQ42
1	C5BQ32
1	C5BEU3
1	C5BAP7
1	C5B7L8
1	C5A203
1	C4ZPU1
1	C4Z2R7
1	C4YJE1
1	C4Y3W1
1	C4XLW9
1	C4WUT0
1	C4VBN2
1	C4R1T9
1	C4LBU5
1	C4LB08
1	C4L8Y4
1	C4L424
1	C4K3I5
1	C4K3H0
1	C3XR70
1	C3MC05
1	C3MAX6
1	C5CP59
1	C5D3R3
1	C3KVQ5
1	C5D4U0
1	C9Y3M8
1	C9XUE4
1	C9SUS0
1	C8ZJM1
1	C8V213
1	C7Z9X4
1	C7GQI8
1	C7GKE1
1	C6Y4D0
1	C6V4R9
1	C6JS30
1	C6FG12
1	C6DH09
1	C6DF09
1	C6DCZ3
1	C6DBI9
1	C6C182
1	C6BUG6
1	C5M5Z6
1	C5FYZ3
1	C5DXI0
1	C5DHU5
1	C5DDS4
1	C3KXE0
1	C3K2Z6
1	O13147
1	C0ZYA5
1	C0ZRP8
1	C0ZIH4
1	C0ZB49
1	C0ZA40
1	C0S7H1
1	C0QR76
1	C0QQL9
1	C0QPL9
1	C0PWD2
1	C0MGC8
1	B9WYE6
1	B9WAM8
1	B9SQI7
1	B9N1F9
1	B9MQG9
1	B9MKD6
1	B9MJZ0
1	B9MDJ8
1	B9MCK1
1	B9LUC6
1	B9L7J9
1	B9KZZ1
1	B9KAB9
1	C0ZVT5
1	C1A6P2
1	C3K274
1	C1AYS5
1	C3J8X2
1	C1L2T9
1	C1GT79
1	C1FZL3
1	C1FPC6
1	C1F646
1	C1EYJ3
1	C1DKK8
1	C1DHX9
1	C1DHH2
1	C1DFM2
1	C1DD87
1	C1DAR3
1	C1D543
1	C1CXH1
1	C1CX26
1	C1CTY4
1	C1CRA6
1	C1CKT7
1	C1CHI8
1	C1CEF2
1	C1CAQ7
1	C1C7G0
1	D0VWU3
1	D0Z7W2
1	D0ZGL2
1	O00192
1	J9VY90
1	J9VQZ4
1	I6WZK7
1	H7C794
1	H2QII6
1	H2KZU7
1	G5EGK5
1	G5EE56
1	G5EDG2
1	G5EDA5
1	G5EBZ4
1	G5EB89
1	G5E870
1	G4SLH0
1	G3V9H8
1	G2K045
1	F5H284
1	F4KBP5
1	F4K128
1	F4JY24
1	F4JTF6
1	F4JJP1
1	F4JBP3
1	O00060
1	O00505
1	D1ZPB8
1	O00629
1	O13146
1	O13089
1	O12944
1	O10302
1	O09127
1	O09015
1	O09014
1	O08961
1	O08900
1	O08680
1	O08404
1	O07834
1	O07116
1	O06431
1	O05982
1	O05542
1	O05074
1	O02818
1	O02678
1	O01704
1	O01700
1	O00845
1	O00763
1	F4J9M5
1	F4J339
1	F4IV99
1	F4IV45
1	E1B7X9
1	E1B7Q7
1	E0SI60
1	E0CTF3
1	E0CSI1
1	D7REX8
1	D5GM60
1	D4HA34
1	D4GYE6
1	D4APX3
1	D4A280
1	D3ZGQ5
1	D3ZD82
1	D3ZD32
1	D3ZAL8
1	D3ZA12
1	D3Z9Z9
1	D3VCR0
1	D3V3D1
1	D2UYP1
1	D2TNL4
1	D2TBH1
1	D2HC77
1	E1BB03
1	E1BMF7
1	E1V6C5
1	F1LP64
1	F4IHS2
1	F4I8S3
1	F4I4K5
1	F4HW51
1	F4HTT6
1	F4HDA7
1	F1RTY8
1	F1RDG9
1	F1RCR6
1	F1MA98
1	F1LM93
1	E4NKF8
1	F0U7H7
1	E9RBR0
1	E9QAU8
1	E9Q9A9
1	E9PZM4
1	E9AD19
1	E7FE13
1	E7F1C4
1	E5F146
1	E4UYL6
1	O94375
1	O94443
1	B9JZ89
1	P23284
1	P22987
1	P22744
1	P22607
1	P22455
1	P22415
1	P22182
1	P22094
1	P22082
1	P22072
1	P22071
1	P22011
1	P21951
1	P21854
1	P21804
1	P21803
1	P21802
1	P21709
1	P21653
1	P21575
1	P21569
1	P21568
1	P21469
1	P21139
1	P23049
1	P23285
1	P20753
1	P23391
1	P25020
1	P25007
1	P24815
1	P24792
1	P24604
1	P24555
1	P24525
1	P24422
1	P24413
1	P24369
1	P24368
1	P24367
1	P24062
1	P24050
1	P23958
1	P23934
1	P23900
1	P23803
1	P23687
1	P23647
1	P23645
1	P23622
1	P23438
1	P20819
1	P20385
1	P25294
1	P17291
1	P17041
1	P17039
1	P17035
1	P17026
1	P17022
1	P17014
1	P16879
1	P16591
1	P16372
1	P16277
1	P16151
1	P16092
1	P16056
1	P15713
1	P15622
1	P15425
1	P15356
1	P15208
1	P15127
1	P15056
1	P15054
1	P14893
1	P14851
1	P17198
1	P17292
1	P19827
1	P17396
1	P19769
1	P19458
1	P19262
1	P19205
1	P19137
1	P18800
1	P18738
1	P18723
1	P18719
1	P18661
1	P18501
1	P18461
1	P18460
1	P18450
1	P18253
1	P18161
1	P18156
1	P18146
1	P18106
1	P17742
1	P17632
1	P17631
1	P17489
1	P25280
1	P25303
1	O94625
1	P31693
1	P31541
1	P31140
1	P31044
1	P30764
1	P30725
1	P30631
1	P30622
1	P30530
1	P30415
1	P30414
1	P30412
1	P30405
1	P30404
1	P30302
1	P30301
1	P30181
1	P30086
1	P30057
1	P29975
1	P29972
1	P29843
1	P29772
1	P29323
1	P31689
1	P31729
1	P29321
1	P31774
1	P34790
1	P34689
1	P34422
1	P34152
1	P34080
1	P34003
1	P33749
1	P33748
1	P33560
1	P33497
1	P33470
1	P32944
1	P32901
1	P32863
1	P32657
1	P32626
1	P32597
1	P32593
1	P32577
1	P32552
1	P32333
1	P32143
1	P31870
1	P29322
1	P29320
1	P25332
1	P27041
1	P27039
1	P27038
1	P27037
1	P27028
1	P26984
1	P26882
1	P26783
1	P26634
1	P26632
1	P26587
1	P26508
1	P26421
1	P26420
1	P25911
1	P25848
1	P25818
1	P25794
1	P25719
1	P25560
1	P25491
1	P25439
1	P25360
1	P25344
1	P27040
1	P27153
1	P29319
1	P27195
1	P29318
1	P29317
1	P29162
1	P29159
1	P29117
1	P28843
1	P28829
1	P28698
1	P28693
1	P28517
1	P28370
1	P28284
1	P28238
1	P28167
1	P28166
1	P28036
1	P28028
1	P27966
1	P27655
1	P27636
1	P27447
1	P27446
1	P27365
1	P14832
1	P14306
1	P14238
1	P08631
1	P08622
1	P08581
1	P08393
1	P08154
1	P08152
1	P08103
1	P08069
1	P08046
1	P08043
1	P07948
1	P07947
1	P07946
1	P07332
1	P07331
1	P07248
1	P07135
1	P06999
1	P06811
1	P06777
1	P06624
1	P06360
1	P06275
1	P06244
1	P08630
1	P08775
1	P06240
1	P08995
1	P0ACC5
1	P0AAC8
1	P0A9J7
1	P0A6E1
1	P0A6D7
1	P0A5R9
1	P0A5B0
1	P0A549
1	P0A3Q8
1	P0A3Q7
1	P0A3L3
1	P0A2P0
1	P0A1P4
1	P0A1G7
1	P09790
1	P09769
1	P09760
1	P09759
1	P09560
1	P09346
1	P09324
1	P09011
1	P08F94
1	P06241
1	P06239
1	P14234
1	P00538
1	P00536
1	P00535
1	P00534
1	P00532
1	P00531
1	P00530
1	P00528
1	P00527
1	P00526
1	P00525
1	P00523
1	P00522
1	P00520
1	P00344
1	O97676
1	O97159
1	O95970
1	O95780
1	O95625
1	O95149
1	O95125
1	O94778
1	O94657
1	P00537
1	P00541
1	P06213
1	P00542
1	P06200
1	P06105
1	P05986
1	P05625
1	P05480
1	P04627
1	P04274
1	P04198
1	P04049
1	P04020
1	P03966
1	P03949
1	P03358
1	P03317
1	P03161
1	P03157
1	P02480
1	P02476
1	P02475
1	P02474
1	P02360
1	P00544
1	P00543
1	P0AER2
1	P0AFL5
1	P0AG91
1	P11362
1	P11345
1	P11292
1	P11161
1	P11046
1	P10936
1	P10880
1	P10533
1	P10447
1	P10421
1	P10398
1	P10255
1	P10111
1	P10033
1	P0DOB2
1	P0DN75
1	P0DN37
1	P0DMJ8
1	P0DMC1
1	P0DKX0
1	P0DKK6
1	P0DC12
1	P0CW07
1	P0CS15
1	P11346
1	P11824
1	P0C034
1	P12258
1	P14133
1	P14088
1	P14085
1	P14084
1	P14060
1	P14056
1	P14037
1	P13798
1	P13696
1	P13676
1	P13539
1	P13406
1	P13388
1	P13267
1	P13116
1	P13115
1	P12933
1	P12931
1	P12898
1	P12524
1	P12374
1	P12339
1	P12270
1	P0CQ45
1	P0CP91
1	P0CP87
1	P0CP85
1	P0C2U2
1	P0C2T6
1	P0C1J2
1	P0C1J1
1	P0C1J0
1	P0C1I9
1	P0C1I8
1	P0C1I7
1	P0C1I5
1	P0C1I4
1	P0C1I3
1	P0C1I2
1	P0C1I1
1	P0C1I0
1	P0C1H9
1	P0C1H8
1	P0C1H7
1	P0C0K7
1	P0C0B6
1	P0C0B5
1	P0C0A3
1	P0C041
1	P0C035
1	P0C2U3
1	P0C581
1	P0C5U4
1	P0CH02
1	P0CP83
1	P0CP81
1	P0CP80
1	P0CP79
1	P0CM81
1	P0CM80
1	P0CM45
1	P0CM44
1	P0CI03
1	P0CH03
1	P0CH01
1	P0C688
1	P0CG24
1	P0CD92
1	P0CD89
1	P0CD62
1	P0C8L5
1	P0C8E4
1	P0C7R1
1	P0C7P8
1	P0C776
1	P0C6W0
1	B9K882
1	B9JXS3
1	P34832
1	A5N6M3
1	A5LFV8
1	A5IZ34
1	A5IM79
1	A5IIT4
1	A5IGA6
1	A5IBN0
1	A5GW12
1	A5GR60
1	A5GR42
1	A5GQN5
1	A5GPI1
1	A5GJ79
1	A5GJ48
1	A5GIP2
1	A5GIK5
1	A5FZ18
1	A5FVE7
1	A5FUG6
1	A5EX67
1	A5ELN1
1	A5EES8
1	A5EAG2
1	A5E1W0
1	A5N4P3
1	A5N857
1	A5DKH0
1	A5PJ65
1	A6NDX5
1	A6MW27
1	A6MMG8
1	A6M229
1	A6LRN5
1	A6LLK9
1	A6LJ63
1	A6H7I5
1	A6H619
1	A6GZG1
1	A6BM55
1	A5YBJ5
1	A5WCG4
1	A5W9A2
1	A5VJE8
1	A5VJ98
1	A5V606
1	A5UYW4
1	A5USJ3
1	A5UEH8
1	A5UBF7
1	A5UAU9
1	A5UAT0
1	A5DUA7
1	A5DIR2
1	A6NIM6
1	A4W6D6
1	A4VNR4
1	A4VHM6
1	A4VHK9
1	A4T1R4
1	A4T031
1	A4SUV7
1	A4ST19
1	A4SSZ4
1	A4SR75
1	A4SQ24
1	A4SJ82
1	A4SIG6
1	A4SHV7
1	A4SGD2
1	A4SFR5
1	A4SFH8
1	A4SCQ5
1	A4RN19
1	A4RM80
1	A4RF51
1	A4QYQ5
1	A4QYI9
1	A4PBL4
1	A4W428
1	A4W6Q3
1	A5DAD0
1	A4W763
1	A5D7I4
1	A5D7B7
1	A5D5I6
1	A5D2N5
1	A5CYE6
1	A5CVH1
1	A5CPU4
1	A5CD86
1	A4Z264
1	A4YAN1
1	A4Y9Q2
1	A4Y4G8
1	A4Y1H2
1	A4XZB1
1	A4XYF5
1	A4XKA5
1	A4XI35
1	A4WFH8
1	A4WFD4
1	A4WEI4
1	A4WDA9
1	A4W9W3
1	A4W7Z3
1	A6NEV1
1	A6NL99
1	A8G1T3
1	A7XZ53
1	A7TMW6
1	A7NS65
1	A7NR67
1	A7MXZ7
1	A7MWW1
1	A7MUU6
1	A7MSY3
1	A7MLV5
1	A7MK11
1	A7MGY0
1	A7MGR3
1	A7MBB4
1	A7M9B2
1	A7J1T2
1	A7IJF6
1	A7IFX7
1	A7I4X5
1	A7I2G3
1	A7HZ38
1	A7HY01
1	A7HWQ7
1	A7HU88
1	A7HM56
1	A7TN25
1	A7Y3J9
1	A7GZJ5
1	A7YY35
1	A8FYT9
1	A8FPG1
1	A8FP81
1	A8FMW6
1	A8FFD1
1	A8F980
1	A8F4Q7
1	A8EUC7
1	A8DZH4
1	A8DZE7
1	A8AUR5
1	A8AQU4
1	A8ANI1
1	A8ALD2
1	A8AI78
1	A8AH15
1	A8A4K6
1	A7ZCP1
1	A7ZAH9
1	A7Z6W0
1	A7Z6J5
1	A7Z0N3
1	A7Z019
1	A7H2C0
1	A7GT07
1	A6NN14
1	A6UV45
1	A6UCG8
1	A6U8P9
1	A6U855
1	A6TWI6
1	A6TE31
1	A6TCE9
1	A6T6E2
1	A6T673
1	A6T4W0
1	A6T4F5
1	A6T3K8
1	A6T3H8
1	A6T225
1	A6SUP2
1	A6SRT0
1	A6RBI0
1	A6QQR4
1	A6QQL0
1	A6QQ70
1	A6QQ14
1	A6Q6I5
1	A6Q4Z6
1	A6Q486
1	A6UEY1
1	A6V7A6
1	A7GEL1
1	A6VCJ6
1	A7FUV4
1	A7FME2
1	A7FLL3
1	A7E3Z4
1	A7E3S4
1	A7A0K7
1	A6ZQR2
1	A6ZL17
1	A6X0B4
1	A6WX07
1	A6WSX5
1	A6WHG9
1	A6W5T3
1	A6W2T4
1	A6VWS0
1	A6VR21
1	A6VP06
1	A6VNB0
1	A6VN49
1	A6VKZ6
1	A6VGV4
1	A6VDG0
1	A6VCL7
1	A4L9J0
1	A4JRL3
1	A4JDX1
1	A1T4L4
1	A1ST94
1	A1SRB6
1	A1SQH3
1	A1S8K6
1	A1S3U4
1	A1S1N0
1	A1RSA1
1	A1RQ67
1	A1RGN2
1	A1RFP5
1	A1R516
1	A1L1J6
1	A1L1G9
1	A1KB31
1	A1K969
1	A1K4C4
1	A1JSD4
1	A1JSB0
1	A1JRX9
1	A1JRI8
1	A1JP11
1	A1JNV2
1	A1JKQ4
1	A1STE5
1	A1TJ03
1	A1JJD6
1	A1TKW2
1	A1WZB0
1	A1WX30
1	A1WVE3
1	A1WVC6
1	A1WL78
1	A1WHC1
1	A1WAR7
1	A1W3Q0
1	A1W3D0
1	A1W2Q3
1	A1W0P5
1	A1VMK3
1	A1VMG1
1	A1VJJ5
1	A1VIP6
1	A1VGB0
1	A1USL0
1	A1U613
1	A1TZ36
1	A1TYJ3
1	A1TYH3
1	A1TUF2
1	A1TLH8
1	A1JJQ3
1	A1DCU5
1	A4JBS2
1	A0L5W9
1	A0KTS6
1	A0KSP4
1	A0KRM0
1	A0KRB5
1	A0KQ97
1	A0KNY6
1	A0KMY1
1	A0KMI5
1	A0KGL5
1	A0KF33
1	A0KF09
1	A0JPP7
1	A0JPP1
1	A0JNB0
1	A0JMV4
1	A0JM20
1	A0B563
1	A0AIS3
1	A0A381
1	A0A0K3AV08
1	A0A0B4J2A2
1	A0A097ZPE2
1	A0A078CGE6
1	A0L2M8
1	A0L7X0
1	A1CDT9
1	A0LJ41
1	A1BJ38
1	A1BHL1
1	A1BER1
1	A1B022
1	A1AZM1
1	A1AXV9
1	A1AQJ8
1	A1ALT7
1	A1A5R7
1	A1A5H8
1	A0T0Z9
1	A0T0K5
1	A0RUR1
1	A0RQR9
1	A0RQI1
1	A0REB4
1	A0Q1R3
1	A0Q0R9
1	A0PM40
1	A0M8R7
1	A0M3K2
1	A0LRL6
1	A0LPF8
1	A1X150
1	A1XSY8
1	A1Y2K1
1	A3QBP0
1	A3Q9D7
1	A3PFG3
1	A3PEZ9
1	A3NYX5
1	A3N2B0
1	A3MZC0
1	A3MZ32
1	A3MYR6
1	A3MYM1
1	A3M305
1	A3M2I8
1	A3M0R4
1	A3LRM6
1	A3LRM2
1	A3LN86
1	A3KPE8
1	A3KN32
1	A3KMX0
1	A3KFM7
1	A3DIZ8
1	A3DF24
1	A3DBL4
1	A3DAG6
1	A3QA31
1	A3QGW1
1	A1YEQ3
1	A3QJA4
1	A4JBK6
1	A4IX29
1	A4IR30
1	A4IPB3
1	A4IKL5
1	A4IJI5
1	A4II20
1	A4IHD2
1	A4IGK4
1	A4IG61
1	A4HVU6
1	A4H7G5
1	A4GGF5
1	A4G9U2
1	A4G8D1
1	A4G7S7
1	A4G1T7
1	A4FWF1
1	A4FV72
1	A4FUW8
1	A4FPM9
1	A4FFQ6
1	A3QJI9
1	A3D7T3
1	A3D1R9
1	A3D001
1	A3CYW3
1	A2SKL7
1	A2SIR5
1	A2RT91
1	A2RRD8
1	A2RP20
1	A2RGF2
1	A2R7P5
1	A2QE29
1	A2IBY8
1	A2CD19
1	A2CBQ3
1	A2C650
1	A2BGR3
1	A2AU72
1	A2AR02
1	A2AJK6
1	A2AJ77
1	A2AE20
1	A2ADY9
1	A2A8L1
1	A1YGK1
1	A1YFW6
1	A1YFW2
1	A2SLG1
1	A2SLG5
1	A2STU3
1	A2VE08
1	A3CWQ6
1	A3CQI2
1	A3CQ18
1	A3CPH5
1	A2ZLU6
1	A2Y9C5
1	A2Y9C2
1	A2XCN6
1	A2X254
1	A2WXV8
1	A2VDY3
1	A2STX0
1	A2VDW9
1	A2VDU3
1	A2VDP4
1	A2VDH3
1	A2VD13
1	A2T812
1	A2T7F4
1	A2T6W2
1	A2T6V8
1	A2T378
1	A8FZZ3
1	A8G9U9
1	B9JVN3
1	B4S9D0
1	B4S5N1
1	B4S596
1	B4RWS2
1	B4R8L2
1	B4QW91
1	B4PV71
1	B4NXB8
1	B4NKL1
1	B4NIM7
1	B4NI64
1	B4MX21
1	B4M9A8
1	B4M4X4
1	B4KHL5
1	B4KCL9
1	B4JT42
1	B4JSP3
1	B4JCS7
1	B4JBE6
1	B4I3X6
1	B4GS98
1	B4GFE6
1	B4GEU5
1	B4S8Z9
1	B4SBU3
1	B4F769
1	B4SLD1
1	B5X2D1
1	B5VE38
1	B5SNZ6
1	B5QZ36
1	B5FN74
1	B5FHT5
1	B5FDK5
1	B5F9X3
1	B5E4T0
1	B5E3S9
1	B5E387
1	B5DE69
1	B5BT18
1	B5BIS9
1	B4U740
1	B4U6N4
1	B4U605
1	B4TZG1
1	B4T8M7
1	B4T0S0
1	B4STR0
1	B4SSQ7
1	B4SLF7
1	B4G0F3
1	B4F6U4
1	B5XNJ9
1	B3M173
1	B3LRX9
1	B3LN76
1	B3H296
1	B3H0F9
1	B3F209
1	B3EUF4
1	B3EPX3
1	B3EP65
1	B3EIT1
1	B3EH95
1	B3EE31
1	B3DXN2
1	B3CVD9
1	B3A0R0
1	B2ZFP3
1	B2ZDY2
1	B2Y203
1	B2VVB9
1	B2VK85
1	B2VJW8
1	B2VIT0
1	B2VIR2
1	B2VGS0
1	B3LTC4
1	B3MMA5
1	B4F2V6
1	B3NAN8
1	B4F2J0
1	B4EZU6
1	B4EY98
1	B4EW46
1	B4EUE2
1	B4DU55
1	B3Y615
1	B3Y613
1	B3R7T2
1	B3R6G6
1	B3R0E8
1	B3QZT2
1	B3QZH3
1	B3QY20
1	B3QSZ9
1	B3QR57
1	B3QPW8
1	B3QMM3
1	B3PXH2
1	B3PNH3
1	B3PMF0
1	B3PK33
1	B3P2A7
1	B5XII4
1	B5XWP3
1	A8GAA9
1	B8F870
1	B8E3J4
1	B8E1C9
1	B8DRP0
1	B8DN93
1	B8DFU4
1	B8DCT6
1	B8D910
1	B8D6G4
1	B8CXL0
1	B8CVJ1
1	B8CQR0
1	B8CKF4
1	B8CIB4
1	B8CGX4
1	B8BKI7
1	B8AT51
1	B7Z0I7
1	B7XIC4
1	B7VLG1
1	B7VJJ4
1	B7UV36
1	B7NPV5
1	B7NLC5
1	B8ELG7
1	B8G1W2
1	B7ND40
1	B8G6T0
1	B9JGW2
1	B9JDS5
1	B9E6X0
1	B9DVF2
1	B9DU93
1	B9DNJ9
1	B9DKV6
1	B8ZSC3
1	B8ZQ64
1	B8NGU1
1	B8NBM3
1	B8IS81
1	B8IMT0
1	B8IHL2
1	B8I5N6
1	B8I304
1	B8HVR9
1	B8HLD2
1	B8GXP6
1	B8GV62
1	B8GPV2
1	B8GNX2
1	B8GMB3
1	B7NJB4
1	B7N609
1	B5XYY9
1	B6YRH8
1	B6JXU1
1	B6JES9
1	B6IZJ1
1	B6IVA5
1	B6HJ92
1	B6HFS8
1	B6EU02
1	B6EPR6
1	B6EL03
1	B6EGK3
1	B5ZYT1
1	B5ZWQ1
1	B5ZSI5
1	B5YYA8
1	B5YY28
1	B5YG51
1	B5YDT9
1	B5YAR4
1	B5Y991
1	B5Y241
1	B5Y1L3
1	B5XZU3
1	B5XZE5
1	B6VMU9
1	B6YT21
1	B7N3F5
1	B6ZLK2
1	B7MPE9
1	B7LS91
1	B7LQC9
1	B7LP19
1	B7LMJ7
1	B7LL66
1	B7LFA9
1	B7LCG3
1	B7KSZ5
1	B7KEJ8
1	B7K836
1	B7JZT6
1	B7JY68
1	B7JN38
1	B7JAH6
1	B7J7X8
1	B7J463
1	B7IYG6
1	B7IY02
1	B7IHU2
1	B7IFE0
1	B7GZI3
1	B7GJ63
1	B2VE26
1	B2V895
1	B2V7L7
1	A9X1C8
1	A9W6R8
1	A9W4P7
1	A9VP73
1	A9VHU0
1	A9VFL4
1	A9V2Y9
1	A9RGD8
1	A9RBS1
1	A9R2Z7
1	A9NEN2
1	A9N999
1	A9N8H1
1	A9MR76
1	A9MH53
1	A9L9E1
1	A9L3Y2
1	A9L0R7
1	A9KV69
1	A9KKT9
1	A9KG87
1	A9KF44
1	A9KB96
1	A9IW33
1	A9WH61
1	A9X4T1
1	A9IGC5
1	A9Y006
1	B0SFG5
1	B0SAF8
1	B0S1F7
1	B0S0I3
1	B0RVU1
1	B0RSM3
1	B0RS12
1	B0RE77
1	B0R8D0
1	B0R0I6
1	B0R061
1	B0KWC9
1	B0KIS4
1	B0KCJ6
1	B0K9C2
1	B0K5H2
1	B0K0S9
1	B0JW23
1	B0JFW8
1	B0CAZ0
1	B0BUL7
1	B0BT63
1	B0BR51
1	A9IJ08
1	A9I246
1	B2V7G7
1	A8W649
1	A8MTY0
1	A8MQ14
1	A8MJ51
1	A8MFI7
1	A8MBZ5
1	A8MBL5
1	A8M9I3
1	A8LY49
1	A8LM44
1	A8IAT5
1	A8HAA3
1	A8H9T3
1	A8H8X8
1	A8H759
1	A8H175
1	A8GYH9
1	A8GKF8
1	A8GIL6
1	A8GHY1
1	A8GGW2
1	A8GDZ4
1	A8GAY2
1	A8GAI2
1	A8W3G4
1	A8WM57
1	A9HEA1
1	A8WRV1
1	A9H8G7
1	A9H481
1	A9FCY5
1	A9ETC1
1	A9CRJ7
1	A9C177
1	A9BPR4
1	A9BNG6
1	A9BHA9
1	A9BCW6
1	A9BCK2
1	A9B8B2
1	A9B745
1	A9B4U5
1	A9AH79
1	A9A9U5
1	A8ZRY0
1	A8YXK2
1	A8Y4B2
1	A8Y461
1	A8X8D0
1	A8X775
1	A8WYE4
1	B0SHT0
1	B0SUQ5
1	B0TC52
1	B2IX35
1	B2INK7
1	B2IMZ8
1	B2IK58
1	B2IBR5
1	B2HSL1
1	B2GDX2
1	B2GBQ6
1	B2FPP2
1	B2FMY6
1	B2FKM0
1	B2FJT4
1	B2AWZ9
1	B2A4D5
1	B1ZUS0
1	B1ZNF1
1	B1ZLK0
1	B1ZGR2
1	B1YKT0
1	B1YGU6
1	B1YC67
1	B1Y7G8
1	B1Y787
1	B1XSP7
1	B2IV09
1	B2J3J3
1	B0TIR0
1	B2J5A9
1	B2V4J8
1	B2V2I6
1	B2UYK3
1	B2UMU3
1	B2UFK5
1	B2UBP2
1	B2TX08
1	B2TTP8
1	B2TQ47
1	B2TLZ8
1	B2TJ78
1	B2SXC7
1	B2SM84
1	B2SHR2
1	B2RXV4
1	B2RUI1
1	B2RLJ0
1	B2RJX3
1	B2RIT0
1	B2KI97
1	B2JGV0
1	B2JGE1
1	B2JF31
1	B1XQF6
1	B1XPT1
1	B1XI65
1	B1WVR2
1	B0WQG0
1	B0WAU8
1	B0VV21
1	B0VML0
1	B0VA24
1	B0V8M8
1	B0V7Q2
1	B0UWR3
1	B0UVZ0
1	B0UU19
1	B0UTE7
1	B0URZ7
1	B0URM0
1	B0UHX3
1	B0U833
1	B0U4D9
1	B0U3J7
1	B0U3A6
1	B0TZ08
1	B0TYF3
1	B0TVM8
1	B0TQC1
1	B0TM50
1	B0YPL5
1	B0Z5A9
1	B1AVY7
1	B1LCI2
1	B1WQY6
1	B1VES9
1	B1VAM3
1	B1MW22
1	B1MGH9
1	B1MDE3
1	B1LZ52
1	B1LWS2
1	B1LML3
1	B1LJ04
1	B1L735
1	B1H2Q6
1	B1KT67
1	B1KRT1
1	B1KPZ1
1	B1J255
1	B1IMQ2
1	B1IGF8
1	B1I9E7
1	B1I3D6
1	B1I1I4
1	B1HUD0
1	P34791
1	P34887
1	Q6AXU4
1	Q46793
1	Q45VK7
1	Q45552
1	Q44540
1	Q44002
1	Q43895
1	Q42896
1	Q42406
1	Q41975
1	Q41963
1	Q41951
1	Q41651
1	Q41261
1	Q40746
1	Q40588
1	Q40541
1	Q3ZZM7
1	Q3ZUZ9
1	Q3ZJ48
1	Q3ZCX4
1	Q3ZCF6
1	Q3ZBF3
1	Q3Z991
1	Q3Z984
1	Q464Z2
1	Q46HR4
1	Q3Z3C3
1	Q46IW2
1	Q497D6
1	Q493S6
1	Q493N7
1	Q49396
1	Q48RC4
1	Q48R90
1	Q48PH1
1	Q48KM6
1	Q48E63
1	Q48D32
1	Q48389
1	Q47XI7
1	Q47VA3
1	Q47UW2
1	Q47JA7
1	Q47IC1
1	Q47887
1	Q47536
1	Q47452
1	Q46XI8
1	Q46WJ3
1	Q46WD9
1	Q46VW9
1	Q3Z726
1	Q3YZC3
1	Q498E7
1	Q3SI46
1	Q3MIS6
1	Q3MHT3
1	Q3MG81
1	Q3MFQ9
1	Q3L8U1
1	Q3KQV3
1	Q3KPR1
1	Q3KJA2
1	Q3KFI7
1	Q3K5Y8
1	Q3K5Y4
1	Q3K5W6
1	Q3K3T1
1	Q3JZ20
1	Q3JC94
1	Q3J8R0
1	Q3J7D9
1	Q3IUM7
1	Q3IJC5
1	Q3IJ53
1	Q3IHQ0
1	Q3IC07
1	Q3ECH5
1	Q3SF18
1	Q3SIN3
1	Q3YXJ0
1	Q3SLQ3
1	Q3YT99
1	Q3YIX4
1	Q3V1M1
1	Q3V1H3
1	Q3URY6
1	Q3ULB5
1	Q3UKU1
1	Q3UHJ8
1	Q3U381
1	Q3U288
1	Q3U1G5
1	Q3U133
1	Q3TXZ1
1	Q3TKY6
1	Q3TKT4
1	Q3T135
1	Q3T0Q6
1	Q3SZJ2
1	Q3SYV7
1	Q3SY52
1	Q3SWY2
1	Q3SSX0
1	Q3SM89
1	Q498D6
1	Q49A33
1	Q54JC7
1	Q4ZVB8
1	Q4ZMP0
1	Q4ZMM4
1	Q4WZB4
1	Q4WYA1
1	Q4WQY8
1	Q4WPF5
1	Q4WP12
1	Q4WMB6
1	Q4WHF8
1	Q4WGS4
1	Q4WCR3
1	Q4WCM6
1	Q4WAQ9
1	Q4VZK9
1	Q4V8E9
1	Q4V8A8
1	Q4V7B8
1	Q4V1F7
1	Q4UZE2
1	Q4UU49
1	Q4R9F7
1	Q4R8S8
1	Q4R713
1	Q4ZNP8
1	Q4ZZE4
1	Q4R691
1	Q50312
1	Q54J83
1	Q54IP4
1	Q54HI2
1	Q54H05
1	Q54G43
1	Q54G02
1	Q54ED3
1	Q54E95
1	Q54DA1
1	Q54D80
1	Q54D10
1	Q54869
1	Q54513
1	Q53W83
1	Q53LU4
1	Q53HC9
1	Q53EK2
1	Q53539
1	Q53211
1	Q52KB5
1	Q51389
1	Q504Q3
1	Q504L7
1	Q4R703
1	Q4R5X8
1	Q49KT8
1	Q4JIM5
1	Q4IPH4
1	Q4IPB8
1	Q4IPB3
1	Q4IEV5
1	Q4IE79
1	Q4IBK5
1	Q4I5R9
1	Q4I1Y1
1	Q4I1J3
1	Q4HXF6
1	Q4H3K6
1	Q4G343
1	Q4G338
1	Q4FQI2
1	Q4FQG4
1	Q4FNQ0
1	Q4FLL5
1	Q4AAB0
1	Q4A8D9
1	Q4A702
1	Q4A6S7
1	Q49Y21
1	Q49V56
1	Q4J6C6
1	Q4JT38
1	Q4R574
1	Q4JWU0
1	Q4R571
1	Q4QRC6
1	Q4QNY3
1	Q4QNB2
1	Q4QMI0
1	Q4QMG3
1	Q4QKN8
1	Q4QJM4
1	Q4QFY1
1	Q4PSE2
1	Q4PER6
1	Q4PCH8
1	Q4PBP6
1	Q4P6X6
1	Q4P555
1	Q4P400
1	Q4P0V4
1	Q4LAB0
1	Q4L872
1	Q4KLN8
1	Q4KIH0
1	Q4K529
1	Q4K514
1	Q3EAR7
1	Q3EAI1
1	Q3E9F7
1	Q2QLE0
1	Q2QLA9
1	Q2QL89
1	Q2P884
1	Q2P3W6
1	Q2P2A9
1	Q2NZY1
1	Q2NVZ0
1	Q2NVX0
1	Q2NVQ7
1	Q2NVP9
1	Q2NSC4
1	Q2NS82
1	Q2NR28
1	Q2NQJ1
1	Q2NL21
1	Q2NL18
1	Q2NKX8
1	Q2NJ18
1	Q2NEK9
1	Q2N9A6
1	Q2MHE4
1	Q2M218
1	Q2L2H3
1	Q2QLC0
1	Q2QLF1
1	Q2KWA4
1	Q2QLG5
1	Q2SSM5
1	Q2SMM7
1	Q2SKZ0
1	Q2SJK9
1	Q2S9Q5
1	Q2S908
1	Q2S8Y5
1	Q2S4T0
1	Q2S3R8
1	Q2S030
1	Q2RQV6
1	Q2RMW1
1	Q2RI74
1	Q2RFP3
1	Q2RBK2
1	Q2R483
1	Q2R0L2
1	Q2R0L0
1	Q2QZ80
1	Q2QYS3
1	Q2QX40
1	Q2QUN2
1	Q2QLH6
1	Q2L1Z2
1	Q2KV08
1	Q3E9F6
1	Q2H683
1	Q2GI75
1	Q2GCN3
1	Q2G8Y4
1	Q2FS70
1	Q29W20
1	Q29RZ2
1	Q29RU0
1	Q29RK0
1	Q29KH2
1	Q297N8
1	Q296Q5
1	Q296B0
1	Q29502
1	Q29455
1	Q29393
1	Q28UW9
1	Q28G88
1	Q28CY9
1	Q28C74
1	Q28C69
1	Q28923
1	Q28560
1	Q28161
1	Q2GLU9
1	Q2HIJ8
1	Q2KIJ8
1	Q2HJ94
1	Q2KI62
1	Q2KI54
1	Q2KDW7
1	Q2K9M0
1	Q2K957
1	Q2JW78
1	Q2JUX6
1	Q2JT35
1	Q2JSV9
1	Q2JSC9
1	Q2JRJ6
1	Q2JRH9
1	Q2JKT7
1	Q2JJ30
1	Q2JIF8
1	Q2JH49
1	Q2IXR4
1	Q2IBG7
1	Q2IBF2
1	Q2IBD8
1	Q2IBC0
1	Q2IBA6
1	Q2I689
1	Q2SSX0
1	Q2SU71
1	Q2SYZ3
1	Q3AF07
1	Q3A8C3
1	Q3A4A7
1	Q3A3N8
1	Q3A2J4
1	Q39X05
1	Q39UT1
1	Q39M27
1	Q39KH1
1	Q39KC5
1	Q39JJ8
1	Q39613
1	Q39196
1	Q39048
1	Q39008
1	Q38W94
1	Q38VQ9
1	Q38UQ8
1	Q38900
1	Q38867
1	Q38813
1	Q33AH8
1	Q339K6
1	Q338C0
1	Q3A9R1
1	Q3AH55
1	Q2T9I5
1	Q3AI13
1	Q3E9F5
1	Q3E9B5
1	Q3E9A4
1	Q3E8X3
1	Q3E7Q9
1	Q3BY98
1	Q3BVB7
1	Q3BUE8
1	Q3BSE3
1	Q3BAH4
1	Q3B8P0
1	Q3B7N1
1	Q3B6G5
1	Q3B316
1	Q3B2T5
1	Q3B009
1	Q3AZ65
1	Q3AWF3
1	Q3AW55
1	Q3AR93
1	Q3APG9
1	Q3AMT4
1	Q3AMB9
1	Q332R9
1	Q32RW0
1	Q32RP7
1	Q32PZ3
1	Q2YNP1
1	Q2YDP3
1	Q2YDK1
1	Q2YBK7
1	Q2YBB2
1	Q2YB01
1	Q2VYT0
1	Q2VPD4
1	Q2V898
1	Q2USD7
1	Q2UGK2
1	Q2UEA6
1	Q2U6U0
1	Q2U256
1	Q2U0E0
1	Q2TZ33
1	Q2TLY1
1	Q2TBK8
1	Q2TBG7
1	Q2TB90
1	Q2TA17
1	Q2T9Z1
1	Q2T9U5
1	Q2YR68
1	Q2YSB5
1	Q2YT48
1	Q326K6
1	Q32NK7
1	Q32N55
1	Q32N48
1	Q32KN0
1	Q32KA4
1	Q32JD7
1	Q32HR2
1	Q32DD5
1	Q32BR2
1	Q32AW5
1	Q31YR1
1	Q2YX11
1	Q31WY3
1	Q31IS8
1	Q31HA6
1	Q31DP8
1	Q317W7
1	Q30ZR6
1	Q30XV9
1	Q30XS2
1	Q30TP4
1	Q30T22
1	Q54JB0
1	Q54K33
1	Q27YE1
1	Q5Z9E2
1	Q5Z6F0
1	Q5YZX0
1	Q5YQZ4
1	Q5YPG2
1	Q5YNI2
1	Q5YCC7
1	Q5XJQ7
1	Q5XIL0
1	Q5XIB3
1	Q5XIB2
1	Q5XHH7
1	Q5XGY0
1	Q5XGW6
1	Q5XGU5
1	Q5XF85
1	Q5XF04
1	Q5XEZ8
1	Q5XAQ1
1	Q5XAD7
1	Q5X9Y3
1	Q5X6U5
1	Q5X5H7
1	Q5WY98
1	Q5Z880
1	Q5ZCW1
1	Q5WX38
1	Q5ZHM5
1	Q60855
1	Q60751
1	Q60750
1	Q60700
1	Q60629
1	Q60555
1	Q60490
1	Q60432
1	Q60420
1	Q60416
1	Q601X8
1	Q601P9
1	Q5ZVZ1
1	Q5ZVQ2
1	Q5ZMC2
1	Q5ZM39
1	Q5ZLV2
1	Q5ZL55
1	Q5ZKL5
1	Q5ZJA3
1	Q5ZJ74
1	Q5ZI43
1	Q5ZHP5
1	Q5WXX6
1	Q5WWW0
1	Q60AP9
1	Q5SPX3
1	Q5SGE0
1	Q5SCY6
1	Q5RFL3
1	Q5RF74
1	Q5REQ0
1	Q5REE2
1	Q5RE95
1	Q5RDL7
1	Q5RD71
1	Q5RC70
1	Q5RBL5
1	Q5RBC3
1	Q5RAU5
1	Q5RAP0
1	Q5RAK4
1	Q5RAI7
1	Q5RAG4
1	Q5RA23
1	Q5R9A4
1	Q5R945
1	Q5R909
1	Q5R8Z4
1	Q5R8X7
1	Q5SLW9
1	Q5SVQ8
1	Q5WV16
1	Q5SWK7
1	Q5WLR6
1	Q5WKY9
1	Q5WJM5
1	Q5WHG0
1	Q5VWN6
1	Q5VRY0
1	Q5VR89
1	Q5VQ09
1	Q5UR88
1	Q5UQ89
1	Q5UQ40
1	Q5UP71
1	Q5UP58
1	Q5U8Z7
1	Q5U379
1	Q5U2T6
1	Q5TJE2
1	Q5TEC3
1	Q5TDH0
1	Q5TCX8
1	Q5T890
1	Q5T619
1	Q5T1H1
1	Q60960
1	Q60AU6
1	Q54L00
1	Q67JT9
1	Q67IL8
1	Q67II8
1	Q67IG9
1	Q67ID1
1	Q67IC5
1	Q67IB6
1	Q673L6
1	Q66UW5
1	Q66T47
1	Q66L42
1	Q66JF8
1	Q66HG0
1	Q66ES9
1	Q66EE9
1	Q66E18
1	Q66DY2
1	Q664N1
1	Q65U54
1	Q65T41
1	Q65SZ6
1	Q65R34
1	Q65PB1
1	Q65H55
1	Q67IP2
1	Q67S53
1	Q65984
1	Q67WJ8
1	Q6AXU3
1	Q6AP75
1	Q6AEC0
1	Q6A9I3
1	Q6A997
1	Q6A6L4
1	Q6A085
1	Q69L99
1	Q69HT9
1	Q69028
1	Q68Y56
1	Q68WC5
1	Q68RU7
1	Q68KI4
1	Q68FP5
1	Q68F79
1	Q68F72
1	Q68F64
1	Q68DY9
1	Q68DV7
1	Q68DI1
1	Q681N2
1	Q67YI6
1	Q65D02
1	Q658H5
1	Q60BY3
1	Q62844
1	Q62829
1	Q62725
1	Q626I7
1	Q62662
1	Q62413
1	Q62371
1	Q62270
1	Q62226
1	Q62073
1	Q61UC4
1	Q61976
1	Q61967
1	Q61851
1	Q61772
1	Q61751
1	Q61527
1	Q61286
1	Q61164
1	Q61069
1	Q61036
1	Q61006
1	Q60DG4
1	Q60C62
1	Q62838
1	Q62956
1	Q657S5
1	Q62GK1
1	Q656A5
1	Q651J5
1	Q651D5
1	Q64XV0
1	Q64VI7
1	Q64705
1	Q64640
1	Q64434
1	Q64303
1	Q642B9
1	Q641J8
1	Q63R47
1	Q63QW5
1	Q63FR5
1	Q63B75
1	Q63796
1	Q63625
1	Q63572
1	Q634M8
1	Q63474
1	Q63379
1	Q63364
1	Q62HD6
1	Q5R8W8
1	Q5R861
1	Q5R819
1	Q5A3Q0
1	Q59RR3
1	Q59H18
1	Q59641
1	Q59614
1	Q59536
1	Q59486
1	Q59083
1	Q58NQ5
1	Q58G01
1	Q58CS7
1	Q58CM8
1	Q589A4
1	Q58900
1	Q58766
1	Q58129
1	Q57X81
1	Q57T51
1	Q57SH6
1	Q57RM6
1	Q57QP2
1	Q57LH1
1	Q57D43
1	Q57AM8
1	Q5A310
1	Q5ACI8
1	Q57849
1	Q5AF56
1	Q5E2F9
1	Q5DU09
1	Q5DTT4
1	Q5CZC0
1	Q5BKP2
1	Q5BKM3
1	Q5BIY5
1	Q5BIP8
1	Q5BEJ7
1	Q5BAH7
1	Q5B4R3
1	Q5B4E7
1	Q5B367
1	Q5AY89
1	Q5AU62
1	Q5ASQ0
1	Q5ARI5
1	Q5AQL0
1	Q5APK0
1	Q5AMH6
1	Q5AM80
1	Q5AL29
1	Q5AG71
1	Q57AD6
1	Q57664
1	Q5R810
1	Q55480
1	Q552C1
1	Q54Y90
1	Q54Y06
1	Q54XQ2
1	Q54XL6
1	Q54XJ4
1	Q54WT8
1	Q54VU5
1	Q54VS1
1	Q54VI6
1	Q54V53
1	Q54U94
1	Q54U31
1	Q54SM3
1	Q54RB7
1	Q54R82
1	Q54P40
1	Q54MV2
1	Q54MJ9
1	Q54MB5
1	Q54MA6
1	Q54LW0
1	Q54L48
1	Q553B1
1	Q55505
1	Q571J5
1	Q557I1
1	Q570X5
1	Q570R7
1	Q56YT0
1	Q56XQ6
1	Q56XP4
1	Q56X76
1	Q569R5
1	Q569C1
1	Q567J8
1	Q56237
1	Q55P57
1	Q55GG4
1	Q55GE6
1	Q55GC2
1	Q55FM6
1	Q55FD8
1	Q55EI8
1	Q55E32
1	Q55DU7
1	Q55CZ1
1	Q55BA0
1	Q55B06
1	Q55A55
1	Q5E2G4
1	Q5E2W7
1	Q5E3E2
1	Q5P9E0
1	Q5P5P2
1	Q5P336
1	Q5P1H7
1	Q5NVL7
1	Q5NVI9
1	Q5NTH4
1	Q5NTH3
1	Q5NSW9
1	Q5NGX6
1	Q5NFG8
1	Q5N9X2
1	Q5N9W4
1	Q5N7B4
1	Q5N7A3
1	Q5N4D3
1	Q5N0G1
1	Q5N078
1	Q5N019
1	Q5M6I4
1	Q5M1Z3
1	Q5M1T7
1	Q5LWJ5
1	Q5LMR3
1	Q5P7U0
1	Q5PC86
1	Q5E8C0
1	Q5PDJ4
1	Q5R7W3
1	Q5R788
1	Q5R723
1	Q5R6S3
1	Q5R6S2
1	Q5R655
1	Q5R5V8
1	Q5R5V4
1	Q5R4R1
1	Q5R4R0
1	Q5R4P8
1	Q5R482
1	Q5R476
1	Q5QXL2
1	Q5QVQ4
1	Q5QVP2
1	Q5QV48
1	Q5QKR8
1	Q5PXS1
1	Q5PR73
1	Q5PQN9
1	Q5PPK9
1	Q5PPH0
1	Q5LED4
1	Q5L6F7
1	Q5L429
1	Q5L401
1	Q5FWN8
1	Q5FWF4
1	Q5FSL4
1	Q5FRJ1
1	Q5FM93
1	Q5FH97
1	Q5FGQ8
1	Q5FAD3
1	Q5F6W8
1	Q5F5S2
1	Q5F5M1
1	Q5F450
1	Q5F407
1	Q5F3Z5
1	Q5F334
1	Q5ENZ0
1	Q5EAE9
1	Q5EA15
1	Q5E9X1
1	Q5E9T6
1	Q5E9E4
1	Q5E981
1	Q5E954
1	Q5FWR0
1	Q5GA22
1	Q5GIG6
1	Q5IGR6
1	Q5KYR3
1	Q5KWZ8
1	Q5JVG8
1	Q5JVG2
1	Q5JRC9
1	Q5JNS0
1	Q5JJY4
1	Q5JE04
1	Q5IGR8
1	Q5IGR7
1	Q5IFP1
1	Q5GSI3
1	Q5I4F9
1	Q5I4F8
1	Q5HZA6
1	Q5HTK3
1	Q5HNW7
1	Q5HNN1
1	Q5HM37
1	Q5HCG4
1	Q5H185
1	Q5H0Y0
1	Q28043
1	Q27U48
1	P34908
1	P61441
1	P60925
1	P60905
1	P60154
1	P59923
1	P59571
1	P59063
1	P59061
1	P59060
1	P58801
1	P58317
1	P57925
1	P57392
1	P57307
1	P57222
1	P57168
1	P57097
1	P57071
1	P57044
1	P56671
1	P56627
1	P56405
1	P56404
1	P56403
1	P61244
1	P61652
1	P56401
1	P61837
1	P66949
1	P66616
1	P66614
1	P65763
1	P65500
1	P64404
1	P64343
1	P63971
1	P63969
1	P63604
1	P63602
1	P63600
1	P63262
1	P63185
1	P63036
1	P62937
1	P62936
1	P62877
1	P62733
1	P62729
1	P62634
1	P62343
1	P61841
1	P56402
1	P56355
1	P67227
1	P54754
1	P54739
1	P54679
1	P54617
1	P54576
1	P54523
1	P54509
1	P54190
1	P54189
1	P54188
1	P54187
1	P54186
1	P54185
1	P54063
1	P53863
1	P53804
1	P53691
1	P53669
1	P53668
1	P53667
1	P53624
1	P53541
1	P53356
1	P53331
1	P54753
1	P54755
1	P56270
1	P54756
1	P56193
1	P55656
1	P55627
1	P55577
1	P55371
1	P55264
1	P55263
1	P55262
1	P55202
1	P55146
1	P55144
1	P55088
1	P55087
1	P55064
1	P54985
1	P54764
1	P54763
1	P54762
1	P54761
1	P54760
1	P54759
1	P54758
1	P54757
1	P67223
1	P68280
1	Q01871
1	P97523
1	P97464
1	P97461
1	P97350
1	P97328
1	P97321
1	P97311
1	P97247
1	P96654
1	P95847
1	P95830
1	P94593
1	P94408
1	P93293
1	P93290
1	P93004
1	P93003
1	P92522
1	P92512
1	P92029
1	P91791
1	P87239
1	P87237
1	P87139
1	P97504
1	P97554
1	P87114
1	P98081
1	Q01793
1	Q01792
1	Q01679
1	Q01621
1	Q01490
1	Q01389
1	Q01195
1	Q01062
1	Q00PJ8
1	Q00993
1	Q00944
1	Q00911
1	Q00706
1	Q00624
1	Q00497
1	Q00453
1	P9WN64
1	P9WID2
1	P9WIB4
1	P9WIB2
1	P9WIB0
1	P9WH28
1	P98203
1	P87119
1	P86413
1	P68288
1	P75565
1	P75093
1	P75071
1	P74596
1	P73951
1	P73809
1	P73789
1	P73097
1	P72796
1	P72731
1	P72704
1	P71037
1	P70805
1	P70600
1	P70451
1	P70428
1	P70414
1	P70388
1	P70353
1	P70296
1	P70270
1	P70245
1	P70064
1	P70062
1	P75545
1	P76419
1	P85950
1	P76658
1	P84343
1	P83953
1	P83736
1	P83534
1	P83326
1	P82536
1	P82531
1	P82129
1	P81183
1	P81171
1	P80508
1	P80311
1	P80227
1	P79099
1	P79007
1	P79003
1	P78859
1	P78722
1	P78591
1	P78004
1	P77667
1	P77493
1	P77304
1	P53035
1	P53010
1	P52879
1	P41892
1	P41771
1	P41652
1	P41447
1	P41410
1	P41243
1	P41242
1	P41241
1	P41240
1	P41239
1	P41206
1	P41193
1	P41183
1	P41182
1	P41181
1	P41138
1	P41133
1	P40713
1	P40528
1	P40457
1	P40376
1	P40352
1	P40345
1	P40201
1	P41877
1	P41995
1	P40191
1	P42040
1	P43308
1	P43301
1	P43300
1	P43287
1	P43286
1	P42767
1	P42693
1	P42690
1	P42689
1	P42688
1	P42687
1	P42686
1	P42685
1	P42684
1	P42683
1	P42682
1	P42681
1	P42680
1	P42679
1	P42414
1	P42381
1	P42342
1	P42067
1	P40197
1	P40087
1	P52742
1	P37451
1	P37029
1	P36956
1	P36945
1	P36837
1	P36659
1	P36649
1	P36311
1	P36300
1	P36096
1	P35991
1	P35748
1	P35658
1	P35642
1	P35627
1	P35546
1	P35514
1	P35465
1	P35228
1	P35207
1	P35176
1	P35137
1	P35084
1	P35026
1	P37064
1	P37647
1	P39959
1	P37829
1	P39956
1	P39943
1	P39839
1	P39688
1	P39425
1	P39413
1	P39276
1	P39102
1	P39101
1	P39054
1	P39052
1	P39034
1	P38993
1	P38823
1	P38748
1	P38526
1	P38445
1	P38444
1	P38239
1	P38144
1	P38121
1	P38086
1	P37883
1	P43549
1	P43556
1	P43561
1	P51532
1	P51508
1	P51451
1	P51427
1	P51288
1	P51217
1	P51180
1	P50942
1	P50845
1	P50545
1	P50540
1	P50539
1	P50538
1	P50528
1	P50501
1	P50156
1	P50140
1	P50053
1	P50027
1	P50026
1	P50025
1	P50018
1	P49910
1	P49825
1	P51531
1	P51574
1	P43735
1	P51774
1	P52673
1	P52503
1	P52348
1	P52333
1	P52295
1	P52294
1	P52293
1	P52292
1	P52178
1	P52170
1	P52164
1	P52162
1	P52018
1	P52017
1	P52016
1	P52015
1	P52014
1	P52013
1	P52011
1	P52010
1	P52009
1	P51814
1	P51813
1	P49792
1	P49711
1	P49495
1	P49379
1	P46256
1	P46059
1	P46053
1	P46052
1	P46051
1	P46045
1	P46032
1	P46030
1	P45985
1	P45877
1	P45555
1	P45543
1	P45416
1	P45344
1	P44947
1	P44826
1	P44784
1	P44781
1	P44672
1	P44482
1	P44331
1	P44330
1	P43880
1	P46292
1	P46782
1	P46974
1	P47865
1	P49173
1	P49041
1	P49025
1	P48820
1	P48785
1	P48778
1	P48737
1	P48628
1	P48207
1	P48147
1	P47864
1	P47043
1	P47863
1	P47862
1	P47442
1	P47334
1	P47279
1	P47264
1	P47248
1	P47166
1	P47143
1	P47103
1	Q01831
1	Q01973
1	Q27774
1	Q147U1
1	Q145F0
1	Q14588
1	Q14587
1	Q14584
1	Q14289
1	Q13UB4
1	Q13TG6
1	Q13N17
1	Q13952
1	Q13882
1	Q13835
1	Q13705
1	Q13546
1	Q13520
1	Q134S5
1	Q13427
1	Q13422
1	Q13418
1	Q13402
1	Q13177
1	Q13153
1	Q12T52
1	Q12RU8
1	Q14669
1	Q14839
1	Q12KD2
1	Q14919
1	Q182E7
1	Q17QX9
1	Q17Q32
1	Q17758
1	Q16832
1	Q16587
1	Q16394
1	Q160Y2
1	Q15YG5
1	Q15YA8
1	Q15WG0
1	Q15UD2
1	Q15973
1	Q15937
1	Q15853
1	Q15811
1	Q15738
1	Q15569
1	Q15375
1	Q15303
1	Q15125
1	Q14F99
1	Q14C51
1	Q12Q07
1	Q12IC3
1	Q18892
1	Q11004
1	Q10SX7
1	Q10RI7
1	Q10ND7
1	Q10M80
1	Q10B79
1	Q108U6
1	Q10724
1	Q10407
1	Q10358
1	Q10315
1	Q10256
1	Q10209
1	Q10164
1	Q10151
1	Q10124
1	Q10076
1	Q10057
1	Q0ZUL9
1	Q0ZIV9
1	Q0WSZ6
1	Q0WP01
1	Q0WEG0
1	Q0VST5
1	Q10ZF7
1	Q114R3
1	Q12GX5
1	Q118Z4
1	Q128K1
1	Q12884
1	Q12873
1	Q12866
1	Q12852
1	Q12739
1	Q12729
1	Q12719
1	Q12718
1	Q12717
1	Q12570
1	Q12542
1	Q12541
1	Q124P0
1	Q12425
1	Q12236
1	Q12177
1	Q12157
1	Q12136
1	Q12090
1	Q11QA9
1	Q11KJ5
1	Q11HP8
1	Q182Z8
1	Q18ES5
1	Q01974
1	Q220S8
1	Q21MI1
1	Q21M90
1	Q21H37
1	Q21815
1	Q21502
1	Q214X8
1	Q21219
1	Q211E4
1	Q21017
1	Q21012
1	Q20EW1
1	Q20798
1	Q20497
1	Q20052
1	Q1XDR9
1	Q1XDK0
1	Q1WVA1
1	Q1WUJ3
1	Q1RMP7
1	Q1RFF6
1	Q1R0H9
1	Q1QZY3
1	Q1QSX1
1	Q21RV4
1	Q22146
1	Q1QN34
1	Q22169
1	Q27450
1	Q27395
1	Q26614
1	Q26565
1	Q26551
1	Q26548
1	Q26516
1	Q25410
1	Q253Y4
1	Q253T6
1	Q25197
1	Q250N6
1	Q25074
1	Q24SS4
1	Q24560
1	Q24488
1	Q24368
1	Q24186
1	Q23983
1	Q23808
1	Q23551
1	Q23457
1	Q22516
1	Q1QSB5
1	Q1QES5
1	Q18EY0
1	Q1I490
1	Q1HKZ5
1	Q1H4P1
1	Q1H3B9
1	Q1H3A0
1	Q1GZF7
1	Q1GXC7
1	Q1GUX2
1	Q1GP95
1	Q1GKS4
1	Q1GK43
1	Q1G9R3
1	Q1EGL2
1	Q1D651
1	Q1BZ43
1	Q1BYX2
1	Q1BE87
1	Q1BDD5
1	Q1AU25
1	Q1ACP2
1	Q19V71
1	Q19KC1
1	Q19969
1	Q19787
1	Q1HVB3
1	Q1IF58
1	Q1Q8Q8
1	Q1IFY7
1	Q1Q8P0
1	Q1PDH6
1	Q1MPT8
1	Q1MN12
1	Q1MIE5
1	Q1MHL2
1	Q1M2P4
1	Q1M1A0
1	Q1LUA6
1	Q1LU61
1	Q1LTN5
1	Q1LRC6
1	Q1LLA9
1	Q1LJ82
1	Q1LI28
1	Q1KXP8
1	Q1KL86
1	Q1JPZ3
1	Q1JEY9
1	Q1J9U8
1	Q1J4Q3
1	Q1IX67
1	Q1IGA8
1	Q0VSN8
1	Q0VSL9
1	Q0VPK3
1	Q06A37
1	Q06903
1	Q06889
1	Q06611
1	Q06418
1	Q06355
1	Q06252
1	Q06187
1	Q06118
1	Q06019
1	Q06003
1	Q05980
1	Q05876
1	Q057T9
1	Q05688
1	Q05646
1	Q05481
1	Q05397
1	Q05215
1	Q05193
1	Q05159
1	Q05085
1	Q04ZJ5
1	Q04VC7
1	Q06998
1	Q06FM0
1	Q04S14
1	Q06GK0
1	Q07W23
1	Q07KL4
1	Q07G42
1	Q07E48
1	Q07E37
1	Q07E24
1	Q07E01
1	Q07DZ1
1	Q07DY1
1	Q07DV8
1	Q07957
1	Q07956
1	Q07821
1	Q07498
1	Q07497
1	Q07496
1	Q07494
1	Q07407
1	Q07292
1	Q07230
1	Q07184
1	Q07014
1	Q06J33
1	Q04U31
1	Q04QY0
1	Q0VD51
1	Q034X7
1	Q03364
1	Q03267
1	Q03146
1	Q03145
1	Q03142
1	Q03137
1	Q02VR5
1	Q02KH5
1	Q02979
1	Q02977
1	Q02975
1	Q02974
1	Q02821
1	Q02779
1	Q02605
1	Q02516
1	Q02497
1	Q02081
1	Q02079
1	Q02075
1	Q02013
1	Q01W88
1	Q01977
1	Q03407
1	Q03526
1	Q04QJ2
1	Q03640
1	Q04ED5
1	Q04C18
1	Q049W7
1	Q04982
1	Q04912
1	Q04828
1	Q04736
1	Q04721
1	Q046C8
1	Q04697
1	Q04692
1	Q04589
1	Q044A8
1	Q04399
1	Q03ZQ3
1	Q03QU2
1	Q03QD4
1	Q03PV3
1	Q03FR6
1	Q03EB3
1	Q03966
1	Q038N5
1	Q03833
1	Q07XC8
1	Q07Y78
1	Q07YU9
1	Q0IJ20
1	Q0II22
1	Q0IHP3
1	Q0IHB8
1	Q0ICK8
1	Q0I5G1
1	Q0I5B8
1	Q0I3V1
1	Q0I3N9
1	Q0HR19
1	Q0HPK8
1	Q0HP46
1	Q0HMR2
1	Q0HLM9
1	Q0HG57
1	Q0HA29
1	Q0DK16
1	Q0DHL5
1	Q0CXB1
1	Q0CJ13
1	Q0CCX6
1	Q0C5X3
1	Q0C454
1	Q0C190
1	Q0III6
1	Q0IP28
1	Q08004
1	Q0IQU1
1	Q0VD27
1	Q0VC59
1	Q0VBZ0
1	Q0U3Y6
1	Q0T8H5
1	Q0T0L1
1	Q0SFF2
1	Q0RQV6
1	Q0Q466
1	Q0PCS3
1	Q0P4U8
1	Q0MQH6
1	Q0MQH5
1	Q0KED6
1	Q0K758
1	Q0K5L6
1	Q0JPT5
1	Q0JHP8
1	Q0JGZ6
1	Q0J8G4
1	Q0J7Y8
1	Q0IXP9
1	Q0IWF3
1	Q0BPT7
1	Q0BI89
1	Q0BI17
1	Q0AUH6
1	Q08DS3
1	Q08DQ0
1	Q08DF4
1	Q08DE6
1	Q08CG8
1	Q08AN1
1	Q08881
1	Q08877
1	Q08773
1	Q08752
1	Q08733
1	Q08705
1	Q086J2
1	Q08499
1	Q08451
1	Q08427
1	Q08364
1	Q08345
1	Q08307
1	Q08273
1	Q08237
1	Q08109
1	Q08078
1	Q08E11
1	Q08E52
1	Q09147
1	Q09YK0
1	Q0ANP6
1	Q0AKB3
1	Q0AIY0
1	Q0AFU6
1	Q0ABJ8
1	Q0ABH9
1	Q0A7E4
1	Q0A4T7
1	Q09YN5
1	Q09YL1
1	Q09YI9
1	Q09463
1	Q09YH7
1	Q09WV9
1	Q09MB7
1	Q09FQ1
1	Q09928
1	Q09920
1	Q09912
1	Q09798
1	Q09772
1	Q09637
1	V5YMB3
